Staff ID,Department,Grade ,Age,Length of Total Service,Business Functions,Marital Status,Job Title,Location,Gender,Ethnic Origin,Ethnicity,Education Level,Internal Transfer Opportunities,Performance Rating,Salary,Overtime,Attrition,Resignation Reason,DaysSinceLastPromotion,Training Hours
1,BD,2,32,5y,Front Office,Single,Associate,LD,Female,Asian - Japanese,Local - Japanese,3,No,2,260000,No  ,Yes,Flexiable Work Options available,669,10
4,BD,3,27,2y 8m,Front Office,Single,Senior Associate,LD,Male,Asian - Japanese,Local - Japanese,4,No,2,259200,Yes,Yes,Career Development,556,30
6,BD,3,39,3y 1m,Front Office,Married,Senior Officer - SME Relations,LD,Female,Asian - Japanese,Local - Japanese,4,No,2,450000,No  ,Yes,Career Development,1131,20
7,BD,2,30,3y 11m,Front Office,Married,Associate,LD,Female,Asian - Japanese,Local - Japanese,4,No,3,233450.4,Yes,Yes,IT Systems,1444,28
8,BD,2,33,6m,Front Office,Married,Associate,LD,Female,Asian - Japanese,Local - Japanese,3,No,,260000,Yes,Yes,Work Life Balance,186,18
18,GB,1,30,4y 9m,Front Office,Married,Assistant - Customer Service,GB,Female,Asian - Japanese,Local - Japanese,4,No,2,204739,No  ,Yes,Flexiable Work Options available,391,10
20,GB,5,55,26y,Front Office,Single,Branch Manager-GB ,GB,Female,Asian - Japanese,Local - Japanese,2,No,3,739470.9,No  ,Yes,,1712,5
22,WE,1,31,2y 5m,Front Office,Married,Assistant - Customer Service,CN,Male,Asian - Japanese,Local - Japanese,4,No,4,248400,Yes,Yes,Career Development,408,30
24,WE,1,36,2y 9m,Front Office,Single,Assistant-Operations,CN,Female,Asian - Japanese,Local - Japanese,3,No,3,248400,Yes,Yes,Career Development,577,10
25,WE,3,27,3y 9m,Front Office,Single,Senior Associate - Marketing,CN,Male,Asian - Japanese,Local - Japanese,4,No,2,259200,Yes,Yes,,651,50
26,WE,1,30,2y 6m,Front Office,Single,Customer Service Clerk,CN,Female,Asian - Japanese,Local - Japanese,4,No,3,268200,Yes,Yes,Career Development,919,44
27,MB,2,28,2y 3m,Front Office,Married,Associate-Marketing,MB,Female,Asian - Japanese,Local - Japanese,4,No,3,226600,No  ,Yes,Personal Reasons unrelated to job,824,10
30,CFU,2,27,3y,Controlled Functions,Single,Associate-Customer Due Diligen,LD,Female,White - European,Local - Other,4,No,2,275003.3,No  ,Yes,Remuneration,167,3
31,CFU,3,36,3y 1m,Controlled Functions,Married,Sen.Officer-Customer Due Dilig,LD,Male,Black - African,Local - Other,4,No,4,455000,No  ,Yes,Work Pressure,194,7
32,CFU,3,28,3y 1m,Controlled Functions,Single,Senior Officer-Quality Control,LD,Female,White - Other,Local - Other,3,No,2,385000,No  ,Yes,Remuneration,81,64
33,CFU,3,30,2y 2m,Controlled Functions,Single,Senior Officer-Quality Control,LD,Female,White - British,Local - Other,3,No,,440000,No  ,Yes,Career Development,116,11
35,CFU,3,33,5m,Controlled Functions,Married,Sen.Officer-Customer Due Dilig,LD,Male,Asian - Pakistani,Local - Other,3,No,,450000,No  ,Yes,Work Pressure,170,42
36,CFU,2,30,2y 3m,Controlled Functions,Single,Associate-Customer Due Diligen,LD,Female,White - European,Local - Other,3,No,2,350000,No  ,Yes,Remuneration,299,25
39,CP,1,25,1y 3m,Back Office,Single,Junior Assistant,LD,Male,White - British,Local - Other,3,No,,275000,Yes,Yes,Career Development,95,41
40,CP,1,26,2y 2m,Back Office,Single,Assistant - Clearing,LD,Male,White - British,Local - Other,3,No,3,360000,Yes,Yes,Career Development,64,85
42,CP,1,25,1y 4m,Back Office,Single,Junior Assistant,LD,Male,White - British,Local - Other,3,No,,275000,Yes,Yes,Career Development,130,10
44,CP,1,24,2y 8m,Back Office,Single,Junior Assistant - Clearing,LD,Female,White - British,Local - Other,3,No,,283250,Yes,Yes,Career Development,220,23
45,CP,1,24,2y 1m,Back Office,Single,Junior Assistant - Clearing,LD,Female,White - European,Local - Other,3,No,3,275000,Yes,Yes,Career Development,248,53
46,CP,3,37,9m,Back Office,Married,Sen Officer - Chaps Admin,LD,Male,Black - African,Local - Other,3,No,,520000,No  ,Yes,Unmatched Job Role,263,10
47,CP,3,35,4y 9m,Back Office,Married,Senior Officer - Clearing MO,LD,Male,Asian - Japanese,Local - Japanese,4,No,5,333960,Yes,Yes,Career Development,270,2
48,CB ,3,33,2y 5m,Front Office,Married,Sen.Officer-Japanese Corporate,LD,Male,Asian - Japanese,Local - Japanese,4,No,2,400000,No  ,Yes,,429,55
49,CB ,3,31,2m,Front Office,Single,AVP-Transportation,LD,Male,White - Other,Local - Other,4,No,,700000,No  ,Yes,Unmatched Job Role,91,10
51,CB ,3,33,4y 5m,Front Office,Single,Senior Officer,LD,Male,White - British,Local - Other,3,No,4,501270,No  ,Yes,Remuneration,363,23
52,CM,3,39,3y 3m,Controlled Functions,Single,Senior Analyst-Corporate Risk,LD,Female,White - British,Local - Other,3,No,3,810900,No  ,Yes,,561,25
54,DPM,3,36,3y 5m,Back Office,Married,AVP - Data Analysis,LD,Male,Asian - Other,Local - Other,4,No,3,695750,No  ,Yes,Personal Reasons unrelated to job,201,29
55,EMEA,3,43,5y 5m,Front Office,Married,AVP-Proj.Fin Portfolio Monitor,LD,Male,White - Other,Local - Other,3,No,3,725424,No  ,Yes,,1767,30
56,FCC,3,32,1y 7m,Controlled Functions,Single,Senior Officer,LD,Male,Asian - Japanese,Local - Japanese,5,No,,550000,No  ,Yes,Company Culture,4,33
58,FCC,3,36,2y,Controlled Functions,Single,Sen Officer - Core Compliance,LD,Female,Black - African,Local - Other,4,No,3,416000,No  ,Yes,,54,49
59,FCC,3,28,2y 4m,Controlled Functions,Single,Senior Associate-Transaction M,LD,Female,Black - African,Local - Other,3,No,4,367150,No  ,Yes,Career Development,62,21
60,FCC,3,40,2y 1m,Controlled Functions,Married,AVP - Financial Crime,LD,Male,Asian - Indian,Local - Other,4,No,3,850000,No  ,Yes,Career Development,104,11
61,FCC,3,32,3y 3m,Controlled Functions,Single,Sen.Associate - Systems & Data,LD,Female,Asian - Japanese,Local - Japanese,4,No,2,480000,No  ,Yes,Career Development,124,
62,FCC,4,62,5m,Controlled Functions,Married,SVP - Compliance,LD,Male,White - British,Local - Other,3,No,,1250000,No  ,Yes,Work Pressure,157,10
63,FCC,3,31,2y 2m,Controlled Functions,Married,Senior Associate-Transaction M,LD,Male,White - British,Local - Other,4,No,,400000,No  ,Yes,Career Development,152,8
64,FCC,4,37,3y 8m,Controlled Functions,Single,VP - Core Compliance,LD,Male,Black - African,Local - Other,3,No,5,1000000,No  ,Yes,,164,7
65,FCC,3,34,1y 8m,Controlled Functions,Married,Senior Officer-Financial Crime,LD,Male,Asian - Indian,Local - Other,3,No,2,500000,No  ,Yes,,181,10
66,FCC,3,45,2y 1m,Controlled Functions,Married,AVP - Financial Crime,LD,Male,Black - African,Local - Other,3,No,2,650000,No  ,Yes,Remuneration,215,36
67,FCC,3,32,2y 7m,Controlled Functions,Single,Senior Officer-Compliance Moni,LD,Female,White - British,Local - Other,3,No,3,500000,No  ,Yes,Remuneration,221,50
68,FCC,3,26,1y 10m,Controlled Functions,Single,Senior Associate,LD,Male,White - British,Local - Other,1,No,3,477000,No  ,Yes,Career Development,231,19
69,FCC,3,38,2y,Controlled Functions,Married,AVP - Compliance,LD,Female,White - Other,Local - Other,3,No,5,650000,No  ,Yes,Career Development,240,11
70,FI,3,42,,Back Office,Married,AVP-Relationship Management,LD,Female,Asian - Japanese,Local - Japanese,3,No,,750000,No  ,Yes,Work Pressure,23,65
71,FMD,3,37,4y 4m,Back Office,Single,AVP - Treasury ALM,LD,Male,Asian - Japanese,Local - Japanese,4,No,,810000,No  ,Yes,,63,70
72,FMD,3,37,6y 3m,Back Office,Single,Senior Officer - Treasury ALM,LD,Female,Asian - Japanese,Local - Japanese,4,No,,420409.5,Yes,Yes,Work Pressure,126,89
73,FMD,2,28,3y 3m,Back Office,Single,Associate,LD,Female,Asian - Japanese,Local - Japanese,4,No,2,271447.2,No  ,Yes,Remuneration,1001,11
74,FMD,3,46,13y 2m,Back Office,Married,Senior Officer-Reg. Reporting,LD,Male,White - British,Local - Other,3,No,3,451405.9,No  ,Yes,,813,13
78,GA,1,26,3y,Back Office,Single,Junior Assistant - Records,LD,Male,White - British,Local - Other,4,No,2,270300,No  ,Yes,Career Development,355,11
79,GA,1,28,8m,Back Office,Married,GA Coordinator / Receptionist,LD,Female,Asian - Japanese,Local - Japanese,4,No,,310000,Yes,Yes,Unmatched Job Role,260,47
80,HR,3,37,4y 9m,Back Office,Married,Senior Associate - Recruitment,LD,Female,Asian - Japanese,Local - Japanese,3,No,,335000,No  ,Yes,,206,
82,HR,1,40,3y 2m,Back Office,Separated,Senior Assistant,LD,Female,Asian - Japanese,Local - Japanese,3,No,,318700,No  ,Yes,,375,10
83,HR,3,41,3m,Back Office,Married,Senior Associate - Recruitment,LD,Female,Asian - Indian,Local - Other,1,No,,360000,No  ,Yes,,100,
84,HR,3,30,1y 1m,Back Office,Single,Senior Associate - L&D,LD,Female,White - British,Local - Other,4,No,,370000,No  ,Yes,,400,10
85,HR,3,30,5m,Back Office,Single,AVP - HR Advisor,LD,Female,White - British,Local - Other,3,No,,500000,No  ,Yes,,177,33
86,IA,3,29,6y 3m,Controlled Functions,Married,Senior Associate,LD,Female,Asian - Japanese,Local - Japanese,4,No,4,382999.2,No  ,Yes,Career Development,1036,27
88,LCS,3,34,3y 7m,Controlled Functions,Single,AVP - Legal,LD,Male,Asian - Other,Local - Other,3,No,4,765000,No  ,Yes,,1308,24
89,LCS,3,36,11m,Controlled Functions,Married,AVP - Legal,LD,Female,White - European,Local - Other,4,No,,650000,No  ,Yes,Career Development,181,
90,LCS,3,29,2y 10m,Controlled Functions,Single,AVP - Legal,LD,Male,Asian - Japanese,Local - Japanese,5,No,4,684000,Yes,Yes,Career Development,202,34
91,LCS,3,37,3y 3m,Controlled Functions,Single,AVP - Legal,LD,Female,Black - African,Local - Other,3,No,2,660000,No  ,Yes,,1201,71
93,LCS,5,44,2y 8m,Controlled Functions,Single,Head of Legal & Compliance,LD,Female,Mixed - White & Asia,Local - Other,3,No,3,1836000,No  ,Yes,,998,45
94,LTC,3,33,8y,Front Office,Married,Trader,LD,Male,Asian - Japanese,Local - Japanese,4,No,4,797711.7,No  ,Yes,Career Development,905,29
95,LTC,3,34,2y 4m,Front Office,Single,Senior Analyst,LD,Male,Asian - Japanese,Local - Japanese,4,No,,594000,Yes,Yes,Remuneration,863,36
96,LTC,3,35,1y 10m,Front Office,Married,AVP - Sales,LD,Female,Asian - Japanese,Local - Japanese,3,No,3,850000,Yes,Yes,Career Changes,690,77
97,LTC,4,55,4y 10m,Front Office,Married,Senior Trader,LD,Male,White - Other,Local - Other,3,No,3,1200000,No  ,Yes,Unmatched Job Role,1772,25
98,MO,2,36,2y 9m,Controlled Functions,Married,Associate,LD,Female,Asian - Japanese,Local - Japanese,4,No,,339200,Yes,Yes,Career Development,1018,63
99,MO,3,37,4y 5m,Controlled Functions,Married,AVP,LD,Female,Asian - Japanese,Local - Japanese,3,No,3,756000,No  ,Yes,Remuneration,569,25
102,OS,4,34,2y 3m,Back Office,Married,VP - Operational Resilience,LD,Male,White - British,Local - Other,4,No,4,1100000,No  ,Yes,Unmatched Job Role,109,56
103,OS,1,36,2y 4m,Back Office,Married,Senior Assistant - Product Op.,LD,Male,Asian - Indian,Local - Other,4,No,3,412000,Yes,Yes,Career Development,113,13
105,OS,1,57,2m,Back Office,Married,Senior Officer - Loan Admin,LD,Female,Prefer Not To Say,Local - Other,2,No,4,450000,No  ,Yes,Relation with Collagues,74,65
106,OS,3,51,2y 4m,Back Office,Divorced,Senior Officer-Product Op,LD,Male,White - British,Local - Other,3,No,,540000,Yes,Yes,Career Changes,182,89
108,OS,1,25,2y 11m,Back Office,Single,Assistant - Loan Admin,LD,Male,Asian - Other,Local - Other,3,No,,280000,Yes,Yes,Career Development,615,34
109,OS,1,26,2y 2m,Back Office,Single,Junior Assistant-Loan Admin,LD,Female,Black - African,Local - Other,3,No,,281112,Yes,Yes,Career Development,820,2
110,OS,1,49,3m,Back Office,Married,Senior Officer - Loan Admin,LD,Male,White - Irish,Local - Other,2,No,,450000,No  ,Yes,Work Pressure,120,26
111,OS,1,28,1y 10m,Back Office,Single,Assistant,LD,Male,Asian - Japanese,Local - Japanese,4,No,4,288750.4,Yes,Yes,Remuneration,330,
112,OS,1,29,3y 9m,Back Office,Married,Assistant - Loan Admin,LD,Female,Asian - Japanese,Local - Japanese,4,No,3,322770.4,Yes,Yes,Career Development,709,
113,OS,1,47,2y 3m,Back Office,Married,Assistant - Loan Admin,LD,Female,Asian - Japanese,Local - Japanese,3,No,4,309000,Yes,Yes,Remuneration,837,64
114,RMD,3,35,2y 6m,Controlled Functions,Single,Senior Officer - Business,LD,Male,Asian - Japanese,Local - Japanese,3,No,2,500000,No  ,Yes,Work Pressure,918,42
115,RMD,2,31,3y 2m,Controlled Functions,Single,Associate,LD,Female,Asian - Japanese,Local - Japanese,5,No,4,367500,Yes,Yes,Personal Reasons unrelated to job,1018,73
116,RMD,3,31,5y 7m,Controlled Functions,Married,Senior Associate-Op Risk,LD,Male,Asian - Japanese,Local - Japanese,3,No,3,314508.6,No  ,Yes,Remuneration,879,24
117,TB,3,56,30y 3m,Front Office,Married,Senior Officer-Product Op,LD,Female,Asian - Japanese,Local - Japanese,1,No,4,471199.3,Yes,Yes,,2557,11
118,LTC,3,31,10m,Front Office,Married,Senior Associate - Sales,LD,Female,Asian - Japanese,Local - Japanese,3,No,,450000,Yes,No,,333,19
119,CP,1,26,1y 10m,Back Office,Single,Junior Assistant,LD,Male,Asian - Japanese,Local - Japanese,4,No,2,285600.8,Yes,No,,683,51
120,RMD,5,40,15y 3m,Controlled Functions,Married,Head of Research Centre,LD,Male,Asian - Japanese,Local - Japanese,4,No,2,1105823.2,No  ,No,,991,
121,ITCE,3,49,16y 11m,Back Office,Married,Tech.Mgr(Infrastructure&Syste),LD,Male,Asian - Japanese,Local - Japanese,4,No,3,341000,No  ,No,,1674,
122,ITCE,3,42,15y 11m,Back Office,Married,Technical Manager(Network),LD,Male,Asian - Japanese,Local - Japanese,3,No,2,295000,Yes,No,,1340,32
123,RMD,4,49,15y 5m,Controlled Functions,Married,VP - Research,LD,Male,Asian - Japanese,Local - Japanese,4,No,2,673636,No  ,No,,2921,23
124,MO,3,41,12y 11m,Controlled Functions,Divorced,AVP,LD,Female,Asian - Japanese,Local - Japanese,4,No,2,570946.3,No  ,No,,852,6
125,LTC,4,58,12y 3m,Front Office,Married,Senior Trader,LD,Male,White - British,Local - Other,1,No,4,1386840.4,No  ,No,,1217,1
126,GFM,3,44,11y 4m,Front Office,Single,Senior Officer - Sales,LD,Male,Asian - Japanese,Local - Japanese,4,No,2,600000,No  ,No,,730,33
127,ITCE,3,46,10y 8m,Back Office,Married,Technical Manager(Network),LD,Male,Asian - Japanese,Local - Japanese,3,No,3,320000.4,Yes,No,,1340,25
128,GFM,3,36,18y 3m,Front Office,Single,AVP - Sales,LD,Male,White - British,Local - Other,1,No,2,665968.4,No  ,No,,852,12
129,LTC,4,64,16y 7m,Front Office,Married,Head of Sales Function,LD,Male,White - British,Local - Other,3,No,2,1176883.8,No  ,No,,2921,53
130,ITCE,3,40,10y,Back Office,Married,Technical Mgr - Head of Front,LD,Male,Asian - Pakistani,Local - Other,4,No,5,485000.8,Yes,No,,91,
131,GFM,4,52,10y,Front Office,Married,VP - Money Markets,LD,Male,Asian - Japanese,Local - Japanese,4,No,4,941673.4,No  ,No,,852,25
132,ITCE,3,40,9y 7m,Back Office,Married,Technical Mgr(Project&TechMgt),LD,Male,Asian - Japanese,Local - Japanese,3,No,3,460000.4,Yes,No,,91,63
133,LTC,3,32,9y 3m,Front Office,Single,Trader,LD,Male,Asian - Japanese,Local - Japanese,4,No,4,852501,Yes,No,,1095,25
134,DCM,3,33,9y 1m,Front Office,Single,Senior Associate - DCM,LD,Female,Asian - Japanese,Local - Japanese,3,No,3,457290.6,Yes,No,,364,6
135,EO,3,54,9y 10m,Back Office,Divorced,PA to CEO & General Manager,LD,Female,Asian - Japanese,Local - Japanese,4,No,3,400000,Yes,No,,364,24
136,EO,4,41,8y 8m,Back Office,Married,VP - Public Relations,LD,Female,Asian - Japanese,Local - Japanese,4,No,4,490000.4,Yes,No,,425,2
137,RMD,3,44,8y 5m,Controlled Functions,Single,Sen.Officer-Green Finance Res,LD,Female,Asian - Japanese,Local - Japanese,3,No,4,430320,Yes,No,,143,7
138,LTC,4,42,7y 4m,Front Office,Married,VP - Sales,LD,Male,Asian - Indian,Local - Other,3,No,4,1464750,No  ,No,,1491,23
139,ITCE,3,41,6y 6m,Back Office,Single,Technical Mgr - Infrastructure,LD,Male,Asian - Japanese,Local - Japanese,3,No,4,380000.4,Yes,No,,699,16
140,MO,3,45,6y 2m,Controlled Functions,Single,AVP - Market Risk,LD,Male,Asian - Japanese,Local - Japanese,4,No,4,717376.6,No  ,No,,2279,22
141,CBC,4,65,6y 1m,Front Office,Married,SVP - Product Manager,LD,Male,White - British,Local - Other,3,No,3,1858810.5,No  ,No,,2244,
142,CBC,4,53,6y,Front Office,Married,VP - Product Manager,LD,Male,White - British,Local - Other,2,No,4,1175126.4,No  ,No,,2209,
143,EMEA,3,34,5y 11m,Front Office,Single,Senior Associate - Syndication,LD,Female,Asian - Japanese,Local - Japanese,3,No,2,480000,No  ,No,,1825,4
144,CBC,4,61,6y 4m,Front Office,Married,VP-Product Development,LD,Male,Asian - Indian,Local - Other,3,No,3,800100,No  ,No,,91,
145,CBC,3,48,5y 6m,Front Office,Single,AVP - Product Officer,LD,Female,White - Other,Local - Other,4,No,4,845617.2,No  ,No,,2013,23
146,LTC,3,39,9y 1m,Front Office,Single,Trader,LD,Male,Asian - Japanese,Local - Japanese,4,No,2,570072.9,Yes,No,,2034,11
147,LT ,3,37,12y 3m,Back Office,Married,Senior Officer,LD,Female,Asian - Japanese,Local - Japanese,4,No,2,398642.6,No  ,No,,730,7
148,DCM,4,42,5y 4m,Front Office,Married,Acting Co-Head - DCM,LD,Female,White - Other,Local - Other,4,No,4,1306620,No  ,No,,64,8
149,DCM,4,64,5y 3m,Front Office,Separated,Vice President,LD,Male,White - Other,Local - Other,4,No,3,1430550,No  ,No,,91,35
150,LTC,4,57,5y 3m,Front Office,Married,Senior Trader,LD,Male,White - British,Local - Other,1,No,2,1750000,No  ,No,,1927,
151,LTC,4,42,5y 1m,Front Office,Married,Senior Trader,LD,Male,Asian - Japanese,Local - Japanese,4,No,3,1222959.9,No  ,No,,425,
152,EO,3,33,5y 1m,Back Office,Married,Senior Officer,LD,Female,Asian - Japanese,Local - Japanese,4,No,3,395200.4,No  ,No,,364,23
153,CBC,4,58,4y 9m,Front Office,Married,VP - Product Manager,LD,Male,White - Irish,Local - Other,2,No,4,1146950.4,No  ,No,,1740,4
154,CBC,4,48,4y 10m,Front Office,Married,Vice President,LD,Male,White - Other,Local - Other,4,No,2,940905,No  ,No,,1768,15
155,LTC,3,45,4y 6m,Front Office,Married,Analyst,LD,Male,White - British,Local - Other,3,No,4,1060290,No  ,No,,91,72
156,GFM,3,30,4y 5m,Front Office,Married,Senior Officer - Sales,LD,Male,Asian - Japanese,Local - Japanese,4,No,4,420000.8,No  ,No,,729,14
157,LTC,3,53,4y 6m,Front Office,Married,Trader - Fixed Income,LD,Male,White - British,Local - Other,3,No,3,1123500,No  ,No,,1645,22
158,ITCE,2,31,4y 4m,Back Office,Married,Assistant Tech Manager(PC Sup),LD,Female,Asian - Japanese,Local - Japanese,3,No,2,300000,No  ,No,,1638,75
159,RMD,3,33,4y 3m,Controlled Functions,Single,Senior Officer - Research,LD,Male,Asian - Japanese,Local - Japanese,5,No,5,408100.4,Yes,No,,364,34
160,GFM,3,32,4y 1m,Front Office,Single,AVP - Sales,LD,Female,White - British,Local - Other,4,No,4,841500,No  ,No,,183,22
161,DCM,4,54,3y 11m,Front Office,Married,VP - Transaction Management,LD,Male,White - British,Local - Other,3,No,4,1343952,No  ,No,,91,34
162,GFM,3,37,3y 11m,Front Office,Married,AVP - Sales,LD,Male,White - British,Local - Other,3,No,3,849750,No  ,No,,1453,6
163,ITCE,3,40,3y 10m,Back Office,Married,Technical Manager(Network),LD,Male,Asian - Japanese,Local - Japanese,4,No,4,400000.4,Yes,No,,699,73
164,CBC,3,43,3y 9m,Front Office,Married,AVP,LD,Male,White - Other,Local - Other,4,No,2,761250,No  ,No,,1383,52
165,GFM,4,37,3y 7m,Front Office,Married,VP - Sales,LD,Male,White - Other,Local - Other,4,No,4,1703400.4,No  ,No,,425,41
166,MO,3,36,9y 3m,Controlled Functions,Single,Senior Officer,LD,Female,Asian - Japanese,Local - Japanese,3,No,5,404099.6,No  ,No,,730,43
167,ITCE,3,50,3y 5m,Back Office,Married,Technical Manager,LD,Male,Asian - Japanese,Local - Japanese,3,No,2,350000,No  ,No,,364,26
168,GFM,4,38,3y 4m,Front Office,Single,VP - Sales,LD,Female,Asian - Japanese,Local - Japanese,4,No,5,1500093.5,No  ,No,,425,34
169,CMAC,3,38,11y 9m,Controlled Functions,Single,Analyst - Credit Risk,LD,Female,Asian - Japanese,Local - Japanese,4,No,4,530455.3,No  ,No,,2191,
170,ITCE,3,49,3y 3m,Back Office,Widowed,Senior Officer,LD,Female,Asian - Japanese,Local - Japanese,3,No,2,370000,Yes,No,,699,
171,LT ,3,33,3y,Back Office,Single,AVP,LD,Male,White - Other,Local - Other,4,No,3,510000,No  ,No,,1117,11
172,LTC,3,38,2y 11m,Front Office,Single,Trader,LD,Female,White - Other,Local - Other,4,No,3,864000.4,Yes,No,,1089,12
173,LT ,4,52,2y 11m,Back Office,Married,Vice President,LD,Male,Asian - Japanese,Local - Japanese,4,No,3,586500,No  ,No,,152,
174,GFM,3,39,2y 10m,Front Office,Married,AVP - Sales,LD,Female,Asian - Japanese,Local - Japanese,4,No,3,715000,No  ,No,,183,15
175,MO,3,37,2y 9m,Controlled Functions,Married,AVP,LD,Male,Asian - Japanese,Local - Japanese,4,No,2,628830,No  ,No,,1019,23
176,LT ,1,31,2y 5m,Back Office,Married,Associate,LD,Female,Asian - Japanese,Local - Japanese,4,No,2,302400.9,No  ,No,,364,16
177,ITCE,3,45,2y 5m,Back Office,Single,Technical Mgr(Project&TechMgt),LD,Female,Asian - Japanese,Local - Japanese,4,No,2,320000,No  ,No,,886,22
178,ITCE,2,27,2y 4m,Back Office,Single,Ass.Tech.Mgr(Software),LD,Male,Asian - Japanese,Local - Japanese,3,No,2,310000,Yes,No,,872,21
179,GFM,3,38,2y 3m,Front Office,Married,AVP - Money Markets,LD,Female,Asian - Japanese,Local - Japanese,4,No,3,612000,Yes,No,,830,25
180,ITCE,3,40,2y 1m,Back Office,Married,Technical Mgr - Infrastructure,LD,Male,Asian - Japanese,Local - Japanese,3,No,2,340000,Yes,No,,774,
181,LT ,3,35,1y 8m,Back Office,Married,Senior Associate,LD,Female,Asian - Japanese,Local - Japanese,4,No,4,324000,No  ,No,,634,
182,ITCE,2,26,1y 8m,Back Office,Single,Ass Tech Mgr - Online Engineer,LD,Female,Asian - Japanese,Local - Japanese,4,No,2,260000,Yes,No,,620,64
183,GFM,2,25,1y 3m,Front Office,Single,Associate - Sales,LD,Female,Asian - Japanese,Local - Japanese,4,No,2,294000.8,No  ,No,,473,
184,RMD,3,32,1y 5m,Controlled Functions,Married,Senior Associate - Research,LD,Female,Asian - Japanese,Local - Japanese,5,No,4,385000,Yes,No,,178,45
185,EO,1,26,1y 5m,Back Office,Married,Senior Assistant,LD,Male,Asian - Japanese,Local - Japanese,4,No,3,300000,No  ,No,,178,
186,ITCE,2,26,1y 2m,Back Office,Married,Ass Tech Mgr - Online Engineer,LD,Female,Asian - Japanese,Local - Japanese,3,No,,280000,Yes,No,,445,36
187,ITCE,2,29,1y 1m,Back Office,Married,Assist Tech Manager - IT Risk,LD,Female,Asian - Japanese,Local - Japanese,4,No,,300000,No  ,No,,424,
188,ITCE,2,29,1y 2m,Back Office,Single,Ass.Tech.Mgr(Software),LD,Male,Asian - Japanese,Local - Japanese,3,No,,290000,No  ,No,,452,
189,EMEA,3,28,1y 6m,Front Office,Single,Senior Officer - M&A,LD,Male,Asian - Indian,Local - Other,3,No,4,600000,No  ,No,,557,23
190,EMEA,4,40,9y 5m,Front Office,Single,Senior VP - Project Finance,LD,Male,Asian - Pakistani,Local - Other,3,No,3,1900000,No  ,No,,2191,
191,EMEA,4,45,6y 11m,Front Office,Married,VP - Project Finance,LD,Female,White - Other,Local - Other,3,No,3,971544.4,No  ,No,,91,
192,EMEA,3,50,4y 6m,Front Office,Married,AVP-Proj.Fin Portfolio Monitor,LD,Male,White - Other,Local - Other,4,No,2,700000,No  ,No,,1649,
193,EMEA,3,30,2y 7m,Front Office,Married,Senior Associate - Project Fin,LD,Male,Asian - Japanese,Local - Japanese,4,No,2,525000.4,No  ,No,,963,12
194,EMEA,3,41,7y 11m,Front Office,Single,AVP - Syndications,LD,Female,Asian - Japanese,Local - Japanese,5,No,2,692888,No  ,No,,852,24
195,EMEA,4,44,11y 9m,Front Office,Married,Vice President,LD,Male,White - Other,Local - Other,3,No,4,760864.5,No  ,No,,425,
196,EMEA,3,48,6y 2m,Front Office,Married,Sen.Officer-Customer Due Dilig,LD,Female,Asian - Japanese,Local - Japanese,4,No,2,426715.1,No  ,No,,1460,22
197,EMEA,3,27,1y 2m,Front Office,Single,Senior Associate - Project Fin,LD,Female,Asian - Japanese,Local - Japanese,3,No,3,500000,No  ,No,,452,16
198,EMEA,4,41,11m,Front Office,Married,VP - Structured Finance,LD,Female,White - Other,Local - Other,4,No,2,850000,No  ,No,,354,24
199,EO,1,33,11m,Back Office,Married,Senior Assistant - EO,LD,Male,Asian - Japanese,Local - Japanese,4,No,2,300000,No  ,No,,354,
200,EO,3,35,11m,Back Office,Married,Senior Associate - Brand & PR,LD,Female,Asian - Japanese,Local - Japanese,4,No,2,330000,No  ,No,,360,3
201,EMEA,4,46,9m,Front Office,Relationship,VP - Structured Finance,LD,Male,White - British,Local - Other,3,No,2,900000,No  ,No,,291,62
202,GFM,2,32,3y 6m,Front Office,Single,Associate-Treasury,LD,Male,Asian - Japanese,Local - Japanese,4,Yes,2,309963,No  ,No,,1285,16
203,MO,2,36,9m,Controlled Functions,Single,Associate,LD,Female,Asian - Japanese,Local - Japanese,3,No,3,320000,Yes,No,,305,
204,GFM,3,37,7m,Front Office,Married,AVP - Sales,LD,Male,Asian - Indian,Local - Other,4,No,2,750000,No  ,No,,241,
205,ITCE,3,40,9m,Back Office,Married,Tech Mngr (Project & Service),LD,Female,Asian - Japanese,Local - Japanese,4,No,,380000,No  ,No,,305,32
206,MO,2,23,7m,Controlled Functions,Single,Associate,LD,Female,Asian - Indian,Local - Other,3,No,2,300000,Yes,No,,235,53
207,MO,3,36,6m,Controlled Functions,Single,AVP,LD,Female,Asian - Japanese,Local - Japanese,4,No,4,790000,No  ,No,,186,16
208,CMAC,3,37,8y 3m,Controlled Functions,Married,Sen. Associate-Credit Approval,LD,Female,Asian - Japanese,Local - Japanese,4,Yes,2,341468,No  ,No,,730,
209,GFM,3,30,4m,Front Office,Married,Sen.Associate-Nostro Acc Mgmt,LD,Male,Asian - Japanese,Local - Japanese,4,No,,300000,No  ,No,,122,36
210,EO,3,31,3m,Back Office,Married,Sen.Officer - Regionalisation,LD,Female,Asian - Japanese,Local - Japanese,4,No,,390000,No  ,No,,109,
211,EO,3,34,1m,Back Office,Married,Senior Associate - Brand & PR,LD,Male,Asian - Japanese,Local - Japanese,4,No,,330000,No  ,No,,53,24
212,MO,2,46,1m,Controlled Functions,Married,Associate,LD,Female,Asian - Japanese,Local - Japanese,4,No,,330000,No  ,No,,46,
213,DCM,3,25,2y 11m,Front Office,Single,Senior Associate,LD,Female,Asian - Japanese,Local - Japanese,3,Yes,3,266133,No  ,No,,74,24
214,LTC,3,44,8y,Front Office,Married,Senior Officer,LD,Male,Asian - Japanese,Local - Japanese,4,Yes,3,293427.3,No  ,No,,1368,
215,MO,2,31,1m,Controlled Functions,Married,Associate,LD,Male,Asian - Japanese,Local - Japanese,4,No,,350000,No  ,No,,39,
216,GFM,3,31,1m,Front Office,Married,Senior Associate,LD,Female,Asian - Japanese,Local - Japanese,4,No,,300000,No  ,No,,32,2
217,ITCE,3,39,,Back Office,Married,Technical Manager(PC Sup),LD,Female,Asian - Japanese,Local - Japanese,4,No,,250000,No  ,No,,25,
218,ITCE,3,49,16y 10m,Back Office,Married,Tech.Mgr(Infrastructure&Syste),LD,Male,Asian - Japanese,Local - Japanese,4,No,4,470000.8,Yes,No,,91,34
219,ITCE,1,64,44y 7m,Back Office,Married,Technician,LD,Female,Asian - Indian,Local - Other,1,No,2,300540.7,No  ,No,,2921,
220,CP,4,59,43y 4m,Back Office,Married,SVP- CHAPS Tech Devl Manager,LD,Male,White - British,Local - Other,2,No,4,1030000,No  ,No,,305,25
221,GA,3,73,37y 4m,Back Office,Married,AVP,LD,Female,Asian - Japanese,Local - Japanese,1,No,4,604946.8,No  ,No,,2921,
222,BD,5,60,37y 2m,Front Office,Married,Deputy Head of Banking,LD,Male,Asian - Japanese,Local - Japanese,3,No,4,683505,No  ,No,,2921,
223,OS,4,53,35y 6m,Back Office,Married,VP-Product Operation,LD,Female,White - British,Local - Other,3,No,4,683644.5,No  ,No,,2921,35
224,CP,3,56,34y 9m,Back Office,Single,AVP-Domestic Payments,LD,Female,Asian - Japanese,Local - Japanese,1,No,2,472135.2,No  ,No,,2556,
225,OS,1,54,34y 6m,Back Office,Married,Senior Assistant-Loans,LD,Female,Asian - Japanese,Local - Japanese,2,No,2,316665.5,Yes,No,,2921,
226,CP,3,56,32y 9m,Back Office,Married,AVP-CLEARING,LD,Female,Asian - Indian,Local - Other,1,No,4,642967.2,Yes,No,,1217,22
227,OS,5,64,31y,Back Office,Married,Deputy Head of Op Services,LD,Male,Asian - Japanese,Local - Japanese,3,No,3,758017.1,No  ,No,,2921,
228,MB,3,61,29y 3m,Front Office,Married,Senior Officer-Operations,MB,Female,Asian - Japanese,Local - Japanese,1,No,3,305742.8,Yes,No,,1095,15
229,OS,3,56,28y,Back Office,Married,Senior Officer-Loans,LD,Female,Asian - Japanese,Local - Japanese,3,No,4,477008.1,Yes,No,,2921,33
230,BD,5,53,27y 11m,Front Office,Divorced,Deputy Head of Banking,LD,Female,Asian - Japanese,Local - Japanese,1,No,2,663514.3,No  ,No,,2921,25
231,CP,1,56,27y 7m,Back Office,Married,Senior Officer - Middle Office,LD,Male,Asian - Japanese,Local - Japanese,3,No,2,390230.8,Yes,No,,2405,26
232,WE,3,53,27y 5m,Front Office,Married,AVP - Customer Service,CN,Female,Asian - Japanese,Local - Japanese,2,No,4,374562.2,Yes,No,,914,16
233,PB,4,53,27y,Back Office,Married,VP-Card Centre,LD,Female,Asian - Japanese,Local - Japanese,3,No,4,573486.7,No  ,No,,2191,27
234,CP,1,57,26y 11m,Back Office,Married,Senior Assistant-SWIFT,LD,Male,Asian - Japanese,Local - Japanese,3,No,2,317659.8,Yes,No,,2921,
235,MB,1,61,26y 2m,Front Office,Married,Senior Officer-Customer Servic,MB,Male,Asian - Japanese,Local - Japanese,2,No,2,257262.4,No  ,No,,2921,41
236,BB,3,52,25y 9m,Front Office,Married,AVP-Loans,BIR ,Female,Asian - Japanese,Local - Japanese,3,No,4,373232.4,Yes,No,,1217,26
237,CP,1,52,25y 4m,Back Office,Married,Assistant-Settlements,LD,Female,Asian - Japanese,Local - Japanese,1,No,2,260957.1,No  ,No,,2921,25
238,BB,5,48,24y 7m,Front Office,Divorced,Deputy Branch Manager,BIR ,Female,Asian - Japanese,Local - Japanese,3,No,4,420000.8,Yes,No,,852,22
239,MB,1,59,24y 1m,Front Office,Single,Assistant-Operations,MB,Male,Asian - Japanese,Local - Japanese,2,No,3,234266.8,Yes,No,,2921,35
240,MB,5,55,23y 11m,Front Office,Married,Branch Manager,MB,Female,Asian - Japanese,Local - Japanese,4,No,2,696408.8,No  ,No,,2921,15
241,CP,1,48,22y 10m,Back Office,Married,Senior Officer,LD,Male,Asian - Japanese,Local - Japanese,3,No,2,424987.5,No  ,No,,2921,26
242,DPM,5,64,22y 8m,Back Office,Married,Head of OSIT Project Office,LD,Female,Asian - Japanese,Local - Japanese,4,No,4,1060861.9,No  ,No,,2921,15
243,CM,5,53,22y 4m,Controlled Functions,Married,Head of Credit Management,LD,Female,Asian - Japanese,Local - Japanese,3,No,2,1566000.8,No  ,No,,1446,
244,WE,1,44,22y 3m,Front Office,Single,Senior Assistant - Customer Se,CN,Female,Asian - Japanese,Local - Japanese,3,No,3,338498.4,Yes,No,,2921,2
245,BB,3,46,21y 6m,Front Office,Married,Senior Associate - Marketing,BIR ,Female,Asian - Japanese,Local - Japanese,2,No,3,277187.6,Yes,No,,2921,
246,CP,1,54,21y 3m,Back Office,Married,Senior Officer - Payments,LD,Female,Asian - Japanese,Local - Japanese,4,No,4,418977.6,Yes,No,,2921,
247,BB,3,64,20y 3m,Front Office,Married,AVP - Risk Coordinator,BIR ,Female,Asian - Japanese,Local - Japanese,3,No,5,346859.6,Yes,No,,2556,
248,BD,3,63,18y 7m,Front Office,Married,AVP,LD,Female,Asian - Japanese,Local - Japanese,3,No,4,407037.2,Yes,No,,2556,34
249,WE,3,51,18y 2m,Front Office,Single,Senior Officer-Customer Servic,CN,Female,Asian - Japanese,Local - Japanese,2,No,3,346618.8,Yes,No,,1825,23
250,EMC,5,58,16y 10m,Back Office,Married,CFO / DGM,LD,Male,White - British,Local - Other,3,No,,1773200,No  ,No,,2738,25
251,LCS,4,53,16y 8m,Controlled Functions,Married,VP - Company Secretary,LD,Female,Asian - Japanese,Local - Japanese,5,No,3,945711,No  ,No,,1491,62
252,HR,5,56,16y 8m,Back Office,Married,Head of HR and Training,LD,Female,White - British,Local - Other,3,No,,1520000,No  ,No,,2921,7
253,DPM,4,42,16y 6m,Back Office,Married,Vice President,LD,Female,Asian - Japanese,Local - Japanese,4,No,4,740000.8,No  ,No,,852,
254,EMC,5,47,16y 3m,Back Office,Married,CCO / MLRO,LD,Male,White - British,Local - Other,4,No,3,1735117.4,No  ,No,,1446,85
255,CM,4,69,16y 2m,Controlled Functions,Single,VP-Credit Committee Permanent,LD,Male,White - British,Local - Other,3,No,2,769148.1,No  ,No,,2921,24
256,CP,4,34,16y 1m,Back Office,Single,VP-Clearing,LD,Female,White - British,Local - Other,1,No,4,623259.5,Yes,No,,91,
257,WE,4,39,15y 6m,Front Office,Married,VP - Marketing & Loans,CN,Male,Asian - Japanese,Local - Japanese,3,No,4,510297,No  ,No,,852,14
258,GA,3,56,15y 5m,Back Office,Divorced,AVP-BUILDINGS&MAINTENANCE MNGT,LD,Male,White - British,Local - Other,2,No,1,488123.4,No  ,No,,2921,
259,CB ,5,59,15y 4m,Front Office,Married,Co-Head of Corporate Banking,LD,Male,White - British,Local - Other,2,No,4,1700000,No  ,No,,456,
260,RMD,3,40,15y 1m,Controlled Functions,Single,Senior Analyst - Market Risk,LD,Male,Asian - Japanese,Local - Japanese,4,No,2,548604.7,No  ,No,,1401,
261,FMD,4,55,15y,Back Office,Married,VP - Regulatory Reporting,LD,Female,White - Other,Local - Other,3,No,5,900000,No  ,No,,30,14
262,HR,4,44,14y 9m,Back Office,Single,VP-HR Bus Partner,LD,Female,White - Other,Local - Other,3,No,,672390.8,No  ,No,,425,
263,FI,5,43,14y 8m,Back Office,Married,Head of Fin Institution,LD,Female,Asian - Japanese,Local - Japanese,5,No,4,1380000.8,No  ,No,,1825,54
264,CFU,3,51,14y 8m,Controlled Functions,Married,AVP - Business Support,LD,Female,Asian - Japanese,Local - Japanese,2,Yes,4,570794.2,Yes,No,,60,15
265,CM,3,42,14y 7m,Controlled Functions,Married,Senior Associate-Corporate Ris,LD,Female,Asian - Japanese,Local - Japanese,4,No,2,341085.7,No  ,No,,1095,
266,GB,1,38,14y 7m,Front Office,Single,Senior Officer-Operations,GB,Male,Asian - Japanese,Local - Japanese,3,No,3,254105.5,Yes,No,,1570,35
267,OS,3,40,14y 7m,Back Office,Married,AVP - Operation Control,LD,Female,Asian - Japanese,Local - Japanese,4,No,5,500182.5,Yes,No,,91,
268,PB,3,54,14y 5m,Back Office,Divorced,AVP - Mortgage Supervisor,LD,Male,Asian - Japanese,Local - Japanese,4,No,3,538403.3,No  ,No,,2191,14
269,WE,3,41,14y 5m,Front Office,Married,AVP - Customer Service,CN,Female,Asian - Japanese,Local - Japanese,4,No,4,386399.2,Yes,No,,914,
270,WE,1,41,14y 4m,Front Office,Single,Senior Officer-Customer Servic,CN,Female,Asian - Japanese,Local - Japanese,3,No,3,294592.3,Yes,No,,1460,15
271,CP,3,32,14y 4m,Back Office,Single,AVP-CLEARING,LD,Male,White - British,Local - Other,2,No,4,618618.6,Yes,No,,425,
272,PB,3,39,14y 4m,Back Office,Married,AVP - Private Banking,LD,Female,Asian - Japanese,Local - Japanese,4,No,4,532054.4,No  ,No,,425,64
273,BB,3,42,14y 3m,Front Office,Married,Senior Associate,BIR ,Female,Asian - Japanese,Local - Japanese,4,No,3,253829.6,Yes,No,,364,2
274,PB,4,39,14y 3m,Back Office,Married,VP - Retail Loan,LD,Female,Asian - Japanese,Local - Japanese,4,No,5,600210,No  ,No,,852,26
275,PB,5,40,14y 2m,Back Office,Single,Head of Personal Banking,LD,Male,Asian - Japanese,Local - Japanese,4,No,4,933562.1,No  ,No,,395,2
276,HR,5,40,13y 11m,Back Office,Married,Deputy Head of HR & Training,LD,Female,Asian - Japanese,Local - Japanese,4,No,,1096090,No  ,No,,2344,63
277,WE,3,37,13y 11m,Front Office,Single,AVP - Customer Service,CN,Male,Asian - Japanese,Local - Japanese,3,No,4,386399.2,Yes,No,,914,16
278,CFU,3,58,13y 10m,Controlled Functions,Married,AVP - Business Support,LD,Male,White - British,Local - Other,1,No,3,686304,No  ,No,,2921,5
279,GA,3,44,13y 10m,Back Office,Married,AVP,LD,Female,Asian - Japanese,Local - Japanese,4,No,4,443144.5,No  ,No,,1217,15
280,DPM,3,40,13y 8m,Back Office,Married,Senior Analyst,LD,Female,Asian - Japanese,Local - Japanese,4,No,4,490000,No  ,No,,91,
281,IA,4,58,13y 8m,Controlled Functions,Married,VP - Internal Audit,LD,Male,White - British,Local - Other,2,No,4,941979.3,No  ,No,,2921,53
282,FMD,3,35,13y 6m,Back Office,Single,Senior Officer-Accounting,LD,Female,Asian - Japanese,Local - Japanese,3,No,2,480261.2,No  ,No,,1460,
283,FMD,3,43,13y 6m,Back Office,Married,Senior Officer-Accounting,LD,Female,Asian - Japanese,Local - Japanese,3,No,3,307426.6,No  ,No,,1825,23
284,EMC,5,58,13y 6m,Back Office,Married,Chief Operating Officer,LD,Male,White - British,Local - Other,2,No,3,1660987,No  ,No,,1424,
285,FMD,4,53,12y 10m,Back Office,Married,Tax Accountant,LD,Female,Asian - Japanese,Local - Japanese,2,No,4,947226.9,No  ,No,,2921,34
286,CM,4,37,12y 1m,Controlled Functions,Married,Vice President - Credit Risk,LD,Female,Asian - Japanese,Local - Japanese,4,No,3,700000,No  ,No,,221,5
287,GA,3,40,11y 11m,Back Office,Married,AVP,LD,Male,Asian - Japanese,Local - Japanese,4,No,5,454597.9,Yes,No,,852,
288,OS,3,43,11y 9m,Back Office,Married,AVP - Product Operation,LD,Female,Asian - Indian,Local - Other,3,No,4,546000.8,Yes,No,,914,43
289,MB,3,42,11y 9m,Front Office,Married,Senior Officer-Loans&Marketing,MB,Male,Asian - Japanese,Local - Japanese,4,No,3,345029.4,No  ,No,,364,
290,CM,4,40,11y 8m,Controlled Functions,Married,Vice President - Credit Risk,LD,Female,Asian - Japanese,Local - Japanese,4,No,4,725000,No  ,No,,221,
291,GA,5,58,27y 5m,Back Office,Married,Head of General Administration,LD,Female,Asian - Japanese,Local - Japanese,4,No,3,1019401.1,No  ,No,,2921,11
292,PB,3,34,11y 4m,Back Office,Single,AVP,LD,Female,Asian - Japanese,Local - Japanese,4,No,4,415428,No  ,No,,852,23
293,BD,3,42,11y 4m,Front Office,Married,AVP,LD,Female,Asian - Japanese,Local - Japanese,3,No,3,372984,Yes,No,,91,43
294,FMD,1,40,11y 4m,Back Office,Married,Senior Assistant - Payments,LD,Female,Asian - Japanese,Local - Japanese,4,No,2,256584.3,No  ,No,,1460,43
295,PB,3,37,11y 4m,Back Office,Single,Senior Officer-Retail Loan,LD,Female,Asian - Japanese,Local - Japanese,4,No,3,360570.8,Yes,No,,1036,54
296,MB,3,37,11y 3m,Front Office,Single,AVP - Loans & Marketing,MB,Male,White - British,Local - Other,2,No,4,444196.9,Yes,No,,852,6
297,FMD,4,39,11y 1m,Back Office,Married,VP - Accounting,LD,Female,Asian - Japanese,Local - Japanese,3,No,4,647677.2,No  ,No,,91,34
298,CB ,3,36,11y,Front Office,Married,AVP-Transportation,LD,Female,Asian - Japanese,Local - Japanese,3,No,4,562086.4,No  ,No,,425,
299,WE,3,40,10y 10m,Front Office,Married,Senior Associate - Loans,CN,Male,Asian - Japanese,Local - Japanese,4,No,2,374050.8,No  ,No,,1340,23
300,OS,3,48,10y 9m,Back Office,Married,AVP,LD,Female,Asian - Japanese,Local - Japanese,4,No,5,495000,Yes,No,,91,57
301,GA,3,42,10y 7m,Back Office,Married,AVP,LD,Male,Asian - Japanese,Local - Japanese,4,No,4,418819.2,Yes,No,,91,44
302,CB ,4,39,10y 7m,Front Office,Single,VP - Real Estate Finance,LD,Female,Asian - Japanese,Local - Japanese,4,No,4,686768.4,No  ,No,,425,27
303,GA,3,42,10y 6m,Back Office,Married,Senior Officer - Procurement,LD,Male,Asian - Japanese,Local - Japanese,3,No,3,420478.1,Yes,No,,1095,43
304,PB,3,34,10y 4m,Back Office,Single,AVP-Card Centre,LD,Female,Asian - Japanese,Local - Japanese,4,No,4,392200.8,No  ,No,,364,16
305,PB,1,52,10y 4m,Back Office,Single,Assistant - Card Centre,LD,Female,Asian - Japanese,Local - Japanese,3,No,3,240529.3,No  ,No,,2921,
306,CP,1,29,10y 4m,Back Office,Single,Senior Officer - FX/MM Settlem,LD,Male,White - British,Local - Other,1,No,3,445536,Yes,No,,1460,43
307,FI,4,48,10y 4m,Back Office,Married,VP - Relationship Management,LD,Male,White - British,Local - Other,3,No,2,921294.2,No  ,No,,425,
308,CP,4,59,10y 3m,Back Office,Relationship,VP - CHAPS Administration,LD,Female,White - Other,Local - Other,2,No,3,668561,No  ,No,,2921,34
309,CB ,4,45,10y 3m,Front Office,Married,VP - Real Estate Finance,LD,Female,Asian - Other,Local - Other,4,No,4,1300000,No  ,No,,425,24
310,FMD,3,58,10y 1m,Back Office,Married,AVP - Accounting,LD,Male,White - British,Local - Other,4,No,4,646766.8,No  ,No,,2921,
311,FMD,1,43,10y 1m,Back Office,Married,Senior Officer - Payments,LD,Female,Asian - Japanese,Local - Japanese,3,No,2,364265.8,No  ,No,,1460,24
312,GA,3,44,10y,Back Office,Married,AVP,LD,Female,Asian - Japanese,Local - Japanese,2,No,3,418875.7,Yes,No,,91,15
313,FI,3,35,9y 11m,Back Office,Single,Senior Officer,LD,Female,Asian - Japanese,Local - Japanese,4,No,4,460000,Yes,No,,364,23
314,CP,1,28,9y 9m,Back Office,Single,Senior Officer - FX/MM Settlem,LD,Female,White - British,Local - Other,1,No,3,419593.3,Yes,No,,1095,63
315,FCC,3,43,9y 9m,Controlled Functions,Married,AVP - Financial Crime,LD,Female,Asian - Japanese,Local - Japanese,4,No,2,480375,No  ,No,,425,23
316,CB ,3,38,9y 9m,Front Office,Married,Sen.Officer-Japanese Corporate,LD,Female,Asian - Japanese,Local - Japanese,4,Yes,3,403271.9,No  ,No,,852,
317,FI,3,36,9y 8m,Back Office,Married,Senior Officer,LD,Male,Asian - Japanese,Local - Japanese,4,No,3,500000,No  ,No,,1095,5
318,PB,3,47,9y 8m,Back Office,Married,Senior Officer-Card Centre,LD,Female,Asian - Japanese,Local - Japanese,4,No,3,311798.7,No  ,No,,730,3
319,HR,3,36,9y 5m,Back Office,Single,AVP,LD,Female,White - British,Local - Other,2,No,,548584.8,No  ,No,,425,2
320,PB,1,49,9y 5m,Back Office,Married,Assistant,LD,Male,Asian - Japanese,Local - Japanese,4,No,3,248427.9,Yes,No,,897,26
321,RMD,3,47,9y 4m,Controlled Functions,Single,Senior Analyst - Market Risk,LD,Female,Asian - Japanese,Local - Japanese,4,No,3,559155.4,No  ,No,,425,
322,MB,1,54,9y 4m,Front Office,Divorced,Senior Assistant - Customer Re,MB,Female,Asian - Japanese,Local - Japanese,3,No,3,255047.2,Yes,No,,1460,23
323,GB,3,34,9y 3m,Front Office,Single,AVP,GB,Female,Asian - Japanese,Local - Japanese,3,No,5,252068.4,Yes,No,,91,
324,BD,3,36,9y 2m,Front Office,Married,AVP,LD,Male,Asian - Japanese,Local - Japanese,4,No,5,355677.2,Yes,No,,91,23
325,HR,4,55,9y 1m,Back Office,Married,VP Business Partnering,LD,Male,White - British,Local - Other,4,No,,680868.6,No  ,No,,2921,6
326,CB ,3,52,9y 2m,Front Office,Married,Sen.Officer -Bus. & Commercial,GB,Female,Asian - Japanese,Local - Japanese,4,Yes,2,265285.1,Yes,No,,730,43
327,TB,3,46,9y 1m,Front Office,Single,AVP-Product Devlpmnt-Forfeitin,LD,Male,White - Other,Local - Other,4,No,2,631503.2,No  ,No,,2921,
328,CB ,4,34,9y 6m,Front Office,Single,Vice President,LD,Male,Asian - Japanese,Local - Japanese,4,No,4,631332,No  ,No,,91,43
329,CB ,3,40,9y 1m,Front Office,Married,AVP - Business & Commercial,LD,Female,Asian - Japanese,Local - Japanese,4,No,4,463550.7,No  ,No,,2222,15
330,CM,1,39,9y,Controlled Functions,Married,Analyst,LD,Male,Asian - Japanese,Local - Japanese,4,No,4,408000.8,No  ,No,,1095,64
331,GB,3,39,8y 11m,Front Office,Married,AVP - Marketing,GB,Female,Asian - Japanese,Local - Japanese,4,No,4,322495.4,Yes,No,,1460,27
332,IA,3,46,8y 8m,Controlled Functions,Married,AVP,LD,Male,Asian - Pakistani,Local - Other,3,No,3,690716.8,No  ,No,,1379,45
333,TB,3,65,8y 7m,Front Office,Married,Senior Officer-Product Develop,LD,Male,White - British,Local - Other,1,No,2,530418.5,No  ,No,,1370,34
334,FCC,4,39,8y 6m,Controlled Functions,Married,VP - Systems & Data Analytics,LD,Male,Asian - Japanese,Local - Japanese,4,No,4,854550,No  ,No,,425,62
335,PB,4,52,8y 6m,Back Office,Single,Vice President,LD,Male,White - Other,Local - Other,4,No,4,665550,No  ,No,,852,
336,GB,5,35,8y 1m,Front Office,Married,Acting Branch Manager,GB,Male,Asian - Japanese,Local - Japanese,3,No,3,470000,Yes,No,,161,
337,CFU,5,42,8y,Controlled Functions,Married,Head of Mid Office Funct - CFU,LD,Male,Asian - Japanese,Local - Japanese,4,No,2,1158286.5,No  ,No,,410,22
338,RMD,3,47,7y 11m,Controlled Functions,Married,Senior Analyst-Op Risk,LD,Female,Asian - Indian,Local - Other,4,No,1,511735.2,No  ,No,,2900,
339,RMD,3,34,8y,Controlled Functions,Married,Senior Analyst,LD,Female,Asian - Japanese,Local - Japanese,4,No,4,720000,No  ,No,,91,
340,CM,3,37,7y 9m,Controlled Functions,Married,Senior Analyst,LD,Female,Asian - Japanese,Local - Japanese,4,No,4,504258,No  ,No,,91,11
341,CB ,3,48,7y 10m,Front Office,Single,AVP-UK Corporate,LD,Male,White - Other,Local - Other,3,No,2,724254.6,No  ,No,,2867,15
342,MB,3,38,7y 9m,Front Office,Married,AVP - Marketing,MB,Male,Asian - Japanese,Local - Japanese,2,No,4,360830,Yes,No,,91,24
343,PB,3,33,7y 9m,Back Office,Single,Senior Officer,LD,Female,Asian - Japanese,Local - Japanese,3,No,2,297324.6,No  ,No,,1095,23
344,TB,3,36,7y 8m,Front Office,Married,Senior Officer-Product Develop,LD,Male,Asian - Japanese,Local - Japanese,4,No,4,503712,No  ,No,,364,22
345,TB,3,31,7y 8m,Front Office,Single,Sen Officer-Pay&Acc Prduct Man,LD,Female,Asian - Japanese,Local - Japanese,3,No,3,400003.2,No  ,No,,1095,14
346,WE,5,43,7y 6m,Front Office,Married,Acting Branch Manager,CN,Female,Asian - Japanese,Local - Japanese,4,No,4,670000.8,No  ,No,,403,15
347,BB,1,35,7y 6m,Front Office,Married,Assistant - Customer Service,BIR ,Female,Asian - Japanese,Local - Japanese,4,No,2,193922.9,No  ,No,,1460,
348,TB,3,41,7y 6m,Front Office,Single,AVP-Product Development,LD,Female,Asian - Japanese,Local - Japanese,2,No,4,526814.1,No  ,No,,852,14
349,CM,3,37,7y 3m,Controlled Functions,Relationship,Senior Analyst-Corporate Risk,LD,Female,Asian - Japanese,Local - Japanese,3,No,2,506968.4,No  ,No,,852,73
350,PB,4,51,7y 3m,Back Office,Married,VP - Personal Banking,LD,Male,White - British,Local - Other,2,No,4,750006.7,No  ,No,,161,
351,FMD,3,40,7y 3m,Back Office,Married,Senior Associate - Regulatory,LD,Male,Asian - Japanese,Local - Japanese,3,No,3,510573.7,No  ,No,,364,25
352,CP,1,28,7y 2m,Back Office,Single,Senior Officer-Custodial Servs,LD,Female,Asian - Japanese,Local - Japanese,3,No,3,393344.6,Yes,No,,364,
353,CP,3,39,7y 2m,Back Office,Married,AVP-Payments,LD,Male,Asian - Japanese,Local - Japanese,3,No,4,401825.2,Yes,No,,91,36
354,BD,3,33,7y 1m,Front Office,Single,Senior Officer,LD,Female,Asian - Japanese,Local - Japanese,4,No,4,312026.2,Yes,No,,364,
355,CP,3,36,7y,Back Office,Married,AVP,LD,Female,Asian - Japanese,Local - Japanese,3,No,5,391436.2,No  ,No,,91,23
356,CFU,3,31,7y,Controlled Functions,Married,Sen Officer - Business Support,LD,Female,Asian - Japanese,Local - Japanese,4,Yes,3,358899.9,Yes,No,,213,73
357,CP,3,49,21y 9m,Back Office,Married,AVP - Operation Control,LD,Male,Asian - Japanese,Local - Japanese,4,No,5,568541.9,Yes,No,,2525,23
358,CB ,3,34,6y 10m,Front Office,Married,AVP-Japanese Corporate,LD,Male,Asian - Japanese,Local - Japanese,4,No,3,590000,No  ,No,,213,
359,FCC,3,40,6y 9m,Controlled Functions,Single,Senior Associate-Transaction M,LD,Male,Black - Caribbean,Local - Other,1,No,2,395211.3,No  ,No,,2468,34
360,CP,3,56,6y 8m,Back Office,Married,AVP- CCP & Stlmt Bank Services,LD,Male,White - British,Local - Other,4,No,2,564603.9,Yes,No,,2454,
361,PB,4,34,8y 4m,Back Office,Single,Vice President,LD,Female,Asian - Japanese,Local - Japanese,4,No,4,425679.9,No  ,No,,91,15
362,FCC,3,38,6y 8m,Controlled Functions,Single,Sen.Officer-Transaction Monito,LD,Male,Black - African,Local - Other,3,No,4,550000,No  ,No,,730,
363,DPM,4,56,24y 3m,Back Office,Married,Senior Vice President,LD,Female,Asian - Japanese,Local - Japanese,3,No,2,767261.2,No  ,No,,364,26
364,BD,2,37,6y 6m,Front Office,Married,Associate,LD,Female,Asian - Japanese,Local - Japanese,3,No,2,272470.9,No  ,No,,2398,
365,TB,3,41,12y 2m,Front Office,Married,AVP - E-Banking,LD,Male,Asian - Japanese,Local - Japanese,3,No,2,429173.7,No  ,No,,852,23
366,CB ,3,30,6y 3m,Front Office,Single,Senior Officer-Transportation,LD,Male,White - British,Local - Other,3,No,3,514080,No  ,No,,2313,63
367,OS,1,32,6y 4m,Back Office,Single,Senior Officer,LD,Male,Asian - Japanese,Local - Japanese,4,No,2,381293.9,Yes,No,,364,25
368,PB,3,42,6y 3m,Back Office,Married,Senior Officer-Retail Loan,LD,Female,Asian - Japanese,Local - Japanese,4,No,2,380676.2,Yes,No,,2313,32
369,FI,4,39,6y 3m,Back Office,Married,Vice President,LD,Female,Asian - Japanese,Local - Japanese,5,No,4,820000,No  ,No,,91,54
370,CB ,4,51,6y 3m,Front Office,Married,Senior VP - Natural Resources,LD,Male,White - British,Local - Other,1,No,4,1150000,No  ,No,,456,14
371,CB ,3,34,6y 3m,Front Office,Married,Senior Associate - UK Corp,LD,Male,Asian - Japanese,Local - Japanese,4,No,3,366272.3,No  ,No,,730,25
372,CFU,3,42,6y 2m,Controlled Functions,Married,AVP,LD,Female,Black - African,Local - Other,3,No,5,600795.5,No  ,No,,364,26
373,PB,3,32,6y 2m,Back Office,Married,Associate - Wealth Management,LD,Female,Asian - Japanese,Local - Japanese,4,No,2,251040,No  ,No,,1825,24
374,MB,3,32,6y 2m,Front Office,Single,Sen.Associate-Loans&Marketing,MB,Female,Asian - Japanese,Local - Japanese,3,No,3,250020.4,Yes,No,,1095,25
375,CP,1,43,6y 1m,Back Office,Married,Senior Officer-Swift Investiga,LD,Female,White - Other,Local - Other,4,No,2,401732.7,Yes,No,,305,26
376,FI,4,62,6y 1m,Back Office,Married,VP - Relationship Management,LD,Male,White - British,Local - Other,4,No,3,1206500,No  ,No,,2251,15
377,MB,3,37,6y 1m,Front Office,Married,Senior Associate - Marketing,MB,Female,Asian - Japanese,Local - Japanese,3,No,2,250020.4,Yes,No,,1095,62
378,OS,1,32,6y 1m,Back Office,Married,Assistant - Loan Admin,LD,Female,Asian - Japanese,Local - Japanese,4,Yes,2,257730,Yes,No,,1460,
379,MB,1,31,6y 1m,Front Office,Married,Assistant - Customer Service,MB,Female,Asian - Japanese,Local - Japanese,4,No,1,216832,Yes,No,,1825,
380,GA,1,43,6y,Back Office,Married,Senior Assistant-Maintenence,LD,Male,White - British,Local - Other,2,No,2,326627.3,Yes,No,,2215,22
381,FCC,3,35,6y,Controlled Functions,Married,Senior Associate-Transaction M,LD,Female,Asian - Indian,Local - Other,4,No,2,395732,No  ,No,,2194,
382,FI,4,43,5y 11m,Back Office,Married,VP - Relationship Management,LD,Male,Asian - Japanese,Local - Japanese,4,No,4,850000,No  ,No,,852,43
383,CB ,3,34,5y 8m,Front Office,Married,Senior Officer-Businss MGT,LD,Female,Asian - Japanese,Local - Japanese,3,No,3,367500.4,No  ,No,,1095,
384,CB ,3,33,5y 8m,Front Office,Married,Senior Officer,LD,Male,Asian - Japanese,Local - Japanese,4,Yes,2,430000,No  ,No,,730,
385,GB,3,40,5y 7m,Front Office,Married,Senior Officer-Loans&Marketing,GB,Female,Asian - Japanese,Local - Japanese,4,No,4,296602.7,Yes,No,,730,25
386,FCC,3,32,5y 8m,Controlled Functions,Single,Snr Officer- AML & Compli Tech,LD,Female,Asian - Japanese,Local - Japanese,4,No,4,381150,No  ,No,,1095,
387,FCC,3,54,5y 7m,Controlled Functions,Married,AVP-Compliance Support (FMark),LD,Female,Black - Other,Local - Other,4,No,2,762000,No  ,No,,2068,25
388,IA,4,63,5y 7m,Controlled Functions,Married,Vice President,LD,Male,White - British,Local - Other,2,No,3,770248,No  ,No,,425,
389,FI,3,30,5y 7m,Back Office,Single,Senior Associate Business Mgt,LD,Male,Asian - Japanese,Local - Japanese,4,No,2,350826.8,No  ,No,,503,
390,CB ,3,42,5y 5m,Front Office,Single,AVP-REAL ESTATE FINANCE,LD,Male,White - British,Local - Other,3,No,3,693351.8,No  ,No,,1999,23
391,GA,1,36,5y 5m,Back Office,Married,Senior Assistant,LD,Female,Asian - Japanese,Local - Japanese,4,No,4,300415.5,Yes,No,,1095,
392,CB ,3,37,5y 4m,Front Office,Single,AVP - Project Finance,LD,Male,Asian - Japanese,Local - Japanese,4,No,4,636360.5,No  ,No,,172,
393,FMD,3,46,5y 3m,Back Office,Married,Sen Associate-Mngmt Reporting,LD,Male,Asian - Japanese,Local - Japanese,3,No,4,552326.5,No  ,No,,1943,16
394,FMD,4,41,5y 3m,Back Office,Married,VP - Accounting,LD,Male,Asian - Japanese,Local - Japanese,4,No,2,767723.4,No  ,No,,425,
395,FMD,1,30,5y 3m,Back Office,Married,Assistant-Payments,LD,Female,Asian - Japanese,Local - Japanese,3,No,3,287491.5,No  ,No,,1460,23
396,GA,5,55,5y 3m,Back Office,Married,Deputy Head of General Admin,LD,Male,Mixed - White & Asian,Local - Other,3,No,3,755924,No  ,No,,837,
397,CB ,3,43,5y 2m,Front Office,Married,AVP - Natural Resources,LD,Male,White - Other,Local - Other,4,No,4,718600,No  ,No,,425,
398,PB,3,35,5y 2m,Back Office,Married,Senior Associate - Retail Loan,LD,Male,Asian - Japanese,Local - Japanese,3,No,2,284219.5,Yes,No,,1460,54
399,FI,3,36,5y 1m,Back Office,Married,Senior Officer,LD,Female,Asian - Japanese,Local - Japanese,4,No,3,440000,Yes,No,,730,23
400,TB,3,44,5y 2m,Front Office,Single,Senior Associate-Product Devlp,LD,Male,Asian - Japanese,Local - Japanese,3,No,3,411861.1,No  ,No,,730,5
401,OS,1,31,5y 1m,Back Office,Married,Senior Assistant-Loans,LD,Female,Asian - Japanese,Local - Japanese,4,No,2,295889,No  ,No,,1095,
402,WE,3,30,5y 1m,Front Office,Married,Senior Officer-Loans,CN,Female,Asian - Japanese,Local - Japanese,3,No,4,305208.6,No  ,No,,364,35
403,BD,3,40,5y,Front Office,Married,Senior Officer,LD,Female,Asian - Japanese,Local - Japanese,4,No,4,312076.8,Yes,No,,364,
404,FCC,3,37,9y 2m,Controlled Functions,Single,AVP,LD,Female,Asian - Japanese,Local - Japanese,3,No,4,430976.4,No  ,No,,91,25
405,GA,1,42,4y 11m,Back Office,Married,Senior Assistant - Procurement,LD,Male,Asian - Japanese,Local - Japanese,3,No,3,320061.3,Yes,No,,1817,23
406,OS,1,29,4y 11m,Back Office,Married,Senior Officer - Loan Admin,LD,Female,Asian - Japanese,Local - Japanese,4,No,4,412870.4,Yes,No,,730,25
407,PB,3,34,4y 11m,Back Office,Married,Senior Officer-Wealth Mngmnt,LD,Female,Asian - Japanese,Local - Japanese,4,No,3,297924.8,No  ,No,,1095,23
408,CB ,3,41,4y 11m,Front Office,Married,AVP - M&A & Leveraged Finance,LD,Male,White - Other,Local - Other,3,No,2,850000,No  ,No,,1816,63
409,CP,1,40,4y 11m,Back Office,Married,Senior Officer - Payments,LD,Female,Asian - Japanese,Local - Japanese,4,No,3,314316.3,Yes,No,,364,
410,CB ,4,50,4y 10m,Front Office,Married,VP - M&A & Leveraged Finance,LD,Male,White - British,Local - Other,4,No,4,1365000,No  ,No,,852,
411,WE,3,44,4y 9m,Front Office,Married,Senior Associate-Loans&Marketi,CN,Male,Asian - Japanese,Local - Japanese,3,No,3,358200.8,No  ,No,,1761,
412,CB ,3,32,4y 8m,Front Office,Single,Senior Officer,LD,Female,Asian - Japanese,Local - Japanese,4,No,2,475000,No  ,No,,364,23
413,GA,3,38,4y 8m,Back Office,Married,Senior Officer - Systems,LD,Male,Asian - Japanese,Local - Japanese,4,No,3,386279.7,Yes,No,,1716,
414,HR,3,43,4y 7m,Back Office,Single,Senior Associate,LD,Female,Asian - Japanese,Local - Japanese,4,No,,412400.4,No  ,No,,1095,42
415,GA,3,38,4y 7m,Back Office,Married,Senior Associate,LD,Female,Asian - Japanese,Local - Japanese,4,No,3,309449.2,Yes,No,,1095,
416,MB,3,37,10y 9m,Front Office,Married,AVP - Operations,MB,Male,Asian - Japanese,Local - Japanese,4,No,5,375001.2,Yes,No,,91,
417,CFU,3,35,4y 9m,Controlled Functions,Married,AVP - Customer Due Diligence,LD,Female,Black - African,Local - Other,3,No,3,500000,No  ,No,,172,52
418,GB,1,38,4y 5m,Front Office,Married,Assistant,GB,Female,Asian - Japanese,Local - Japanese,4,No,3,196990.8,Yes,No,,364,
419,CFU,3,45,4y 4m,Controlled Functions,Single,AVP - Risk Control Team,LD,Female,Asian - Japanese,Local - Japanese,4,No,4,650000,No  ,No,,152,2
420,CB ,3,40,4y 5m,Front Office,Married,Senior Officer-TMT,LD,Female,Asian - Indian,Local - Other,4,No,2,545000,No  ,No,,1095,
421,RMD,5,37,4y 4m,Controlled Functions,Single,Head of Risk Management,LD,Male,Asian - Japanese,Local - Japanese,4,No,5,1700000,No  ,No,,945,
422,CFU,4,44,4y 4m,Controlled Functions,Married,Senior Vice President,LD,Male,Black - African,Local - Other,3,No,2,1020000,No  ,No,,152,23
423,BD,3,51,4y 4m,Front Office,Married,Senior Officer,LD,Male,Asian - Japanese,Local - Japanese,3,No,4,314496,Yes,No,,364,53
424,BD,3,29,4y 4m,Front Office,Married,Senior Associate,LD,Female,Asian - Japanese,Local - Japanese,4,No,2,255000,No  ,No,,1095,
425,CB ,4,46,4y 4m,Front Office,Married,Senior Vice President,LD,Male,White - Other,Local - Other,4,No,4,2000000,No  ,No,,1585,
426,PB,1,30,4y 4m,Back Office,Single,Assistant,LD,Female,Asian - Japanese,Local - Japanese,3,No,3,258428.4,No  ,No,,364,53
427,CB ,4,51,4y 3m,Front Office,Married,SVP - TMT,LD,Male,White - Other,Local - Other,3,No,3,1636000,No  ,No,,1554,
428,MB,1,33,4y 3m,Front Office,Single,Assistant - Customer Service,MB,Female,Asian - Japanese,Local - Japanese,3,No,4,218781.8,Yes,No,,1095,
429,BD,3,39,4y 3m,Front Office,Single,Senior Officer,LD,Female,Asian - Japanese,Local - Japanese,4,No,4,301392,Yes,No,,364,
430,GFM,4,59,41y 6m,Front Office,Single,Senior Dealer - Money Markets,LD,Male,Asian - Japanese,Local - Japanese,1,No,2,834737.5,No  ,No,,2921,24
431,CM,3,38,10y 9m,Controlled Functions,Married,Analyst - Corporate Risk,LD,Female,Asian - Japanese,Local - Japanese,3,No,4,520021.6,No  ,No,,852,
432,HR,4,58,4y 2m,Back Office,Married,VP - HR Generalist,LD,Female,White - British,Local - Other,4,No,,912000,No  ,No,,1530,76
433,FI,3,32,4y 2m,Back Office,Single,Sen. Officer-Relationship Mgt,LD,Female,Asian - Japanese,Local - Japanese,3,No,3,340000,No  ,No,,364,43
434,PB,3,48,4y 2m,Back Office,Single,AVP,LD,Male,Asian - Japanese,Local - Japanese,3,No,4,405020.8,No  ,No,,425,
435,BB,3,33,4y,Front Office,Married,Senior Officer,BIR ,Female,Asian - Japanese,Local - Japanese,4,No,2,228612,Yes,No,,364,
436,WE,3,48,4y,Front Office,Married,Senior Associate-Op Risk,CN,Male,Asian - Japanese,Local - Japanese,3,No,2,281100,Yes,No,,1095,
437,HR,4,53,3y 11m,Back Office,Divorced,VP - Learning & Development,LD,Male,White - British,Local - Other,4,No,,697500,No  ,No,,852,43
438,BD,2,34,4y,Front Office,Single,Associate,LD,Female,Asian - Japanese,Local - Japanese,3,No,3,285600.8,No  ,No,,1474,57
439,OS,1,50,4y,Back Office,Married,Senior Assistant,LD,Female,Asian - Japanese,Local - Japanese,4,No,4,294840,Yes,No,,364,23
440,FCC,3,33,11y 6m,Controlled Functions,Single,AVP - Financial Crime,LD,Male,White - British,Local - Other,3,No,4,650000,Yes,No,,91,73
441,CM,4,41,3y 11m,Controlled Functions,Married,Vice President - Credit Risk,LD,Male,Asian - Other,Local - Other,4,No,2,818550,No  ,No,,221,43
442,WE,1,31,3y 11m,Front Office,Married,Senior Officer - Closed Counte,CN,Female,Asian - Japanese,Local - Japanese,4,No,4,300000,Yes,No,,364,63
443,FMD,2,29,3y 11m,Back Office,Married,Associate - Accounting,LD,Female,Asian - Japanese,Local - Japanese,3,No,3,278150.3,No  ,No,,424,23
444,CM,3,29,3y 11m,Controlled Functions,Single,Analyst - Corporate Risk,LD,Female,Asian - Japanese,Local - Japanese,4,No,4,406175.8,No  ,No,,730,6
445,CP,1,31,3y 11m,Back Office,Married,Senior Assistant - Clearing MO,LD,Female,Asian - Japanese,Local - Japanese,4,No,3,326400.4,Yes,No,,1095,
446,FMD,4,54,3y 10m,Back Office,Married,Senior Regulatory Policy Advsr,LD,Male,White - British,Local - Other,4,No,3,1255200.3,No  ,No,,1418,34
447,OS,3,32,3y 11m,Back Office,Married,Sen.Officer-Product Operation,LD,Male,Asian - Japanese,Local - Japanese,4,No,3,462000,Yes,No,,274,
448,OS,1,34,3y 10m,Back Office,Single,Assistant - Loan Admin,LD,Female,Asian - Japanese,Local - Japanese,3,No,2,283894.4,Yes,No,,730,
449,CP,1,27,3y 10m,Back Office,Married,Assistant-Clearing Mid Office,LD,Female,Asian - Japanese,Local - Japanese,4,No,2,285367.7,Yes,No,,364,
450,GA,1,32,3y 9m,Back Office,Married,Sen Assistant - GA Coordinator,LD,Female,Asian - Japanese,Local - Japanese,4,No,2,334090.8,Yes,No,,730,
451,CB ,3,50,3y 7m,Front Office,Married,Senior Associate-NaturalResour,LD,Female,Asian - Japanese,Local - Japanese,4,No,3,451051.2,No  ,No,,152,23
452,CP,1,28,3y 7m,Back Office,Married,Senior Officer-Clearing,LD,Male,Asian - Japanese,Local - Japanese,3,No,4,342154.6,Yes,No,,364,
453,BD,3,35,3y 6m,Front Office,Married,Senior Associate,LD,Male,Asian - Japanese,Local - Japanese,4,No,4,291200.4,Yes,No,,364,63
454,GA,1,30,3y 6m,Back Office,Married,Sen Assistant - Building MGT,LD,Female,Asian - Japanese,Local - Japanese,4,No,4,324360,Yes,No,,730,23
455,CFU,3,38,3y 6m,Controlled Functions,Single,Sen.Officer-Customer Due Dilig,LD,Male,Asian - Japanese,Local - Japanese,3,No,4,400000,No  ,No,,172,4
456,PB,1,37,3y 5m,Back Office,Single,Assistant - Call Centre,LD,Female,Asian - Japanese,Local - Japanese,3,No,3,240000,No  ,No,,1278,
457,FI,3,32,3y 6m,Back Office,Married,AVP-Relationship Management,LD,Male,Asian - Japanese,Local - Japanese,4,No,2,740000,No  ,No,,91,33
458,OS,1,27,3y 6m,Back Office,Single,Junior Assistant-Loan Admin,LD,Female,Asian - Japanese,Local - Japanese,3,No,3,275782.5,Yes,No,,1292,
459,GB,1,34,5y 5m,Front Office,Single,Assistant-Operations,GB,Female,Asian - Japanese,Local - Japanese,3,No,2,191862,Yes,No,,1095,
460,BD,2,32,3y 6m,Front Office,Married,Associate,LD,Female,Asian - Japanese,Local - Japanese,4,No,2,265000,No  ,No,,1285,
461,OS,1,43,3y 6m,Back Office,Married,Assistant-Loans,LD,Female,Asian - Japanese,Local - Japanese,3,No,2,275808,No  ,No,,1095,23
462,GA,1,32,3y 6m,Back Office,Married,Assistant - Property Mgt,LD,Female,Asian - Japanese,Local - Japanese,4,No,2,337365,No  ,No,,1292,
463,FMD,3,26,3y 4m,Back Office,Single,Senior Associate-Regltry Reprt,LD,Male,White - British,Local - Other,3,No,5,650000,No  ,No,,730,7
464,OS,3,48,3y 5m,Back Office,Married,Senior Officer-Product Op,LD,Male,Asian - Pakistani,Local - Other,4,No,3,478332.9,Yes,No,,1278,24
465,HR,3,44,3y 5m,Back Office,Married,Senior Officer,LD,Male,Asian - Japanese,Local - Japanese,3,No,,425000.8,Yes,No,,364,
466,CP,1,40,3y 4m,Back Office,Married,Senior Assistant - Payments,LD,Female,Asian - Japanese,Local - Japanese,4,No,3,308550.8,Yes,No,,730,23
467,DPM,3,54,3y 4m,Back Office,Single,AVP - Data Analysis,LD,Male,White - British,Local - Other,3,No,3,600100.8,No  ,No,,364,54
468,HR,3,40,3y 3m,Back Office,Married,AVP - Recruitment,LD,Female,White - Other,Local - Other,4,No,,607500.8,No  ,No,,1201,
469,IA,3,41,3y 3m,Controlled Functions,Married,Senior Officer,LD,Female,Asian - Japanese,Local - Japanese,3,No,4,604200,No  ,No,,364,
470,FMD,1,33,3y 3m,Back Office,Married,Assistant-Payments,LD,Female,Asian - Japanese,Local - Japanese,3,No,2,276453.5,No  ,No,,1208,34
471,CP,1,34,3y 3m,Back Office,Married,Assistant-Payments,LD,Female,Asian - Japanese,Local - Japanese,4,No,2,291720,No  ,No,,1095,
472,CP,5,45,3y 3m,Back Office,Single,Deputy Head of Clearing & Pymt,LD,Female,White - British,Local - Other,1,No,4,832320,No  ,No,,1208,
473,CP,1,29,3y 3m,Back Office,Single,Sen Officer - Chaps Admin,LD,Female,Asian - Japanese,Local - Japanese,4,No,5,352560,Yes,No,,364,
474,CP,1,31,3y 2m,Back Office,Single,Sen Assistant - Clearing,LD,Female,Asian - Japanese,Local - Japanese,3,No,3,286624.4,Yes,No,,364,23
475,RMD,3,40,10y,Controlled Functions,Married,Analyst - Portfolio Mgt,LD,Male,Asian - Japanese,Local - Japanese,4,No,4,376512,No  ,No,,730,64
476,CP,3,28,3y 2m,Back Office,Single,Sen Officer - Chaps Admin,LD,Male,Asian - Japanese,Local - Japanese,4,No,4,432225,Yes,No,,364,
477,CP,1,22,3y 2m,Back Office,Single,Assistant - Clearing,LD,Female,White - British,Local - Other,3,No,2,302500.4,Yes,No,,364,23
478,CM,2,32,3y 2m,Controlled Functions,Married,Associate-Corporate Risk,LD,Female,Asian - Japanese,Local - Japanese,3,No,2,320000,No  ,No,,641,
479,BD,2,35,3y 2m,Front Office,Married,Associate,LD,Male,Asian - Japanese,Local - Japanese,3,No,5,257582.4,Yes,No,,1159,
480,CB ,3,31,3y,Front Office,Married,AVP-Relationship Management,MB,Male,White - British,Local - Other,3,No,2,700000,No  ,No,,91,63
481,DPM,3,46,3y 1m,Back Office,Divorced,Senior Associate,LD,Male,Asian - Japanese,Local - Japanese,2,No,3,300000,Yes,No,,730,28
482,PB,1,34,3y 1m,Back Office,Single,Senior Assistant,LD,Female,Asian - Japanese,Local - Japanese,3,No,4,280900.8,Yes,No,,364,
483,HR,3,33,3y 1m,Back Office,Married,AVP Business Partnering,LD,Female,White - British,Local - Other,3,No,,469000.8,No  ,No,,1130,
484,CP,1,44,3y 1m,Back Office,Widowed,Junior Assistant-Payments,LD,Female,Asian - Japanese,Local - Japanese,3,No,2,265302,Yes,No,,1131,
485,FMD,4,40,2y 11m,Back Office,Married,Vice President,LD,Male,White - British,Local - Other,3,No,2,1240509.6,No  ,No,,1075,23
486,IA,3,54,2y 11m,Controlled Functions,Single,AVP,LD,Male,Mixed - White & Black African,Local - Other,4,No,2,720000,No  ,No,,1094,
487,BD,2,29,3y,Front Office,Single,Associate,LD,Female,Asian - Japanese,Local - Japanese,4,No,2,260000,Yes,No,,1110,
488,CP,1,31,3y,Back Office,Married,Senior Assistant - Payments,LD,Female,Mixed - White & Asia,Local - Other,3,No,3,380000,Yes,No,,1095,
489,MB,1,39,9y 5m,Front Office,Single,Senior Assistant - Customer Se,MB,Female,Asian - Japanese,Local - Japanese,4,No,3,226258.4,Yes,No,,1460,34
490,BD,3,29,2y 11m,Front Office,Married,Senior Officer,LD,Female,Asian - Japanese,Local - Japanese,4,No,4,302500.4,Yes,No,,364,
491,CM,3,48,2y 11m,Controlled Functions,Single,Senior Analyst-Corporate Risk,LD,Female,White - Other,Local - Other,3,No,3,700000,No  ,No,,1089,
492,LCS,4,39,2y 11m,Controlled Functions,Single,Acting Head of Legal & CSD,LD,Female,White - British,Local - Other,3,No,3,1230500,No  ,No,,1082,43
493,RMD,3,37,2y 11m,Controlled Functions,Single,AVP,LD,Female,White - Other,Local - Other,4,No,3,610450.8,No  ,No,,1075,
494,CP,1,35,2y 11m,Back Office,Married,Junior Assistant - Clearing,LD,Female,White - Other,Local - Other,4,No,2,280500,Yes,No,,1068,
495,HR,3,54,2y 10m,Back Office,Single,AVP Business Partnering,LD,Female,White - British,Local - Other,3,No,,627500.4,No  ,No,,1047,63
496,FMD,3,31,2y 10m,Back Office,Married,Senior Associate-Accounting,LD,Female,Asian - Japanese,Local - Japanese,3,No,3,388267.7,No  ,No,,364,
497,CP,1,30,2y 10m,Back Office,Married,Assistant-Payments,LD,Female,Asian - Japanese,Local - Japanese,4,No,2,286000,No  ,No,,730,
498,BD,2,27,2y 10m,Front Office,Married,Associate,LD,Female,Asian - Japanese,Local - Japanese,4,No,2,260000,Yes,No,,1047,23
499,FCC,2,39,10y 6m,Controlled Functions,Married,Associate-Transaction Monito,LD,Female,Asian - Japanese,Local - Japanese,2,No,3,352814.6,No  ,No,,1019,
500,OS,3,49,2y 9m,Back Office,Married,Senior Officer-Product Op,LD,Male,Black - Other,Local - Other,3,No,3,467460,Yes,No,,730,
501,OS,1,35,2y 9m,Back Office,Married,Senior Assistant - Product Op.,LD,Male,Asian - Pakistani,Local - Other,3,No,2,420000,Yes,No,,263,
502,OS,5,39,2y 9m,Back Office,Divorced,Deputy Head of Trade Finance,LD,Male,White - British,Local - Other,3,No,4,958086,No  ,No,,1019,53
503,WE,3,33,2y 9m,Front Office,Married,Senior Associate,CN,Female,Asian - Japanese,Local - Japanese,4,No,5,353500,Yes,No,,1019,
504,CB ,3,37,2y 9m,Front Office,Married,Senior Officer - SME Relations,LD,Female,Asian - Japanese,Local - Japanese,3,No,4,512000,No  ,No,,1019,
505,LCS,3,25,2y 8m,Controlled Functions,Single,Senior Officer,LD,Female,Asian - Japanese,Local - Japanese,3,No,2,460161,No  ,No,,364,
506,IA,3,28,2y 8m,Controlled Functions,Married,Senior Associate,LD,Female,Asian - Japanese,Local - Japanese,4,No,3,302500.4,No  ,No,,364,23
507,OS,1,34,2y 8m,Back Office,Single,Assistant,LD,Male,Asian - Japanese,Local - Japanese,4,No,2,312120,Yes,No,,998,
508,OS,1,35,2y 8m,Back Office,Married,Senior Assistant - Product Op.,LD,Male,Asian - Other,Local - Other,1,No,2,395200.4,Yes,No,,364,
509,FCC,4,50,2y 8m,Controlled Functions,Married,SVP - Compliance,LD,Female,Asian - Japanese,Local - Japanese,3,No,5,1200000,No  ,No,,60,54
510,BD,2,34,2y 7m,Front Office,Married,Associate,LD,Female,Asian - Japanese,Local - Japanese,4,No,2,250000,Yes,No,,963,
511,OS,1,58,2y 3m,Back Office,Married,Senior Assistant-Product Op,LD,Male,Asian - Other,Local - Other,4,No,2,416000.8,Yes,No,,364,
512,GB,2,49,2y 7m,Front Office,Married,Associate-Marketing,GB,Male,Asian - Japanese,Local - Japanese,4,No,3,236900.4,Yes,No,,0,54
513,CFU,3,29,2y 6m,Controlled Functions,Married,Senior Officer-Quality Control,LD,Male,Asian - Japanese,Local - Japanese,3,No,4,550000,No  ,No,,30,
514,GA,1,64,2y 6m,Back Office,Married,Senior Assistant - Post Room,LD,Male,Asian - Japanese,Local - Japanese,2,No,3,321300,Yes,No,,935,
515,CFU,3,29,2y 4m,Controlled Functions,Married,Sen.Associate-Customer Due Dil,LD,Male,White - Other,Local - Other,4,No,3,385000,No  ,No,,172,25
516,GA,1,27,2y 5m,Back Office,Single,Assistant-Central Filing,LD,Female,Asian - Japanese,Local - Japanese,3,No,3,323400.4,Yes,No,,900,
517,OS,1,28,2y 5m,Back Office,Married,Assistant - Loan Admin,LD,Female,Asian - Japanese,Local - Japanese,4,No,3,294525,Yes,No,,364,23
518,CP,1,27,2y 5m,Back Office,Married,Assistant-CCP & Settlement Srv,LD,Female,Asian - Japanese,Local - Japanese,4,No,3,286000.4,Yes,No,,364,
519,OS,1,44,2y 4m,Back Office,Married,Assistant-Product Operation,LD,Male,Asian - Other,Local - Other,3,No,2,380000,Yes,No,,879,
520,BB,1,38,2y 4m,Front Office,Married,Assistant - Customer Service,BIR ,Male,Asian - Japanese,Local - Japanese,3,No,3,215250,Yes,No,,879,
521,FCC,3,47,2y 4m,Controlled Functions,Civil Partnership,AVP,LD,Male,White - Other,Local - Other,3,No,3,676000.4,No  ,No,,91,
522,FCC,3,34,2y 4m,Controlled Functions,Single,Senior Officer-Financial Crime,LD,Female,Asian - Japanese,Local - Japanese,3,No,3,440000,Yes,No,,364,73
523,BD,2,26,2y 4m,Front Office,Single,Associate,LD,Male,Asian - Japanese,Local - Japanese,4,No,3,267800.4,Yes,No,,872,
524,TB,3,36,2y 4m,Front Office,Married,Senior Officer,LD,Female,Asian - Japanese,Local - Japanese,4,No,3,424000.8,No  ,No,,364,64
525,BB,2,38,2y 4m,Front Office,Married,Associate-Business&Commercial,LD,Male,Asian - Japanese,Local - Japanese,3,No,3,230000.8,Yes,No,,364,
526,FMD,3,30,2y 4m,Back Office,Single,Senior Officer - Mngmt Report,LD,Female,Asian - Japanese,Local - Japanese,4,Yes,2,350000,Yes,No,,364,
527,IA,3,39,2y 2m,Controlled Functions,Married,AVP - Internal Audit,LD,Female,Black - African,Local - Other,3,No,5,728000.8,No  ,No,,802,23
528,OS,1,24,2y 4m,Back Office,Single,Senior Assistant,LD,Male,White - British,Local - Other,3,No,4,332640.4,Yes,No,,364,
529,GA,1,33,2y 3m,Back Office,Single,Assistant-Systems,LD,Male,Asian - Japanese,Local - Japanese,3,No,2,306000,Yes,No,,851,65
530,MB,2,31,2y 4m,Front Office,Married,Associate-Marketing,MB,Female,Asian - Japanese,Local - Japanese,4,No,4,223000.8,Yes,No,,364,
531,CB ,3,37,2y 3m,Front Office,Married,Sen.Associate-Japanese Corporat,LD,Female,Asian - Japanese,Local - Japanese,4,No,2,340000,No  ,No,,851,
532,CB ,3,35,2y 3m,Front Office,Married,AVP,LD,Male,Asian - Japanese,Local - Japanese,4,No,3,577500.8,No  ,No,,364,23
533,TB,4,44,2y 3m,Front Office,Married,Vice President,LD,Male,Mixed - White & Black African,Local - Other,4,No,3,850000,No  ,No,,851,
534,FMD,3,36,2y 3m,Back Office,Married,Business Analyst,LD,Male,White - Other,Local - Other,4,No,3,764250,No  ,No,,851,
535,FCC,3,52,2y 3m,Controlled Functions,Married,AVP - Compliance Monitoring,LD,Male,Asian - Indian,Local - Other,3,No,2,650000,No  ,No,,844,25
536,BD,2,33,2y 3m,Front Office,Single,Associate,LD,Female,Asian - Japanese,Local - Japanese,3,No,2,260000,Yes,No,,837,
537,BD,2,35,2y 3m,Front Office,Married,Associate,LD,Female,Asian - Japanese,Local - Japanese,4,No,2,260000,Yes,No,,823,23
538,RMD,3,27,2y 2m,Controlled Functions,Single,Senior Associate,LD,Female,Asian - Japanese,Local - Japanese,4,No,3,324000,No  ,No,,364,75
539,FI,3,37,2y 2m,Back Office,Married,AVP-Relationship Management,LD,Male,Black - African,Local - Other,4,No,2,760000,No  ,No,,802,
540,OS,3,58,2y 3m,Back Office,Married,Senior Officer-Product Op,LD,Male,White - British,Local - Other,1,No,3,517650,Yes,No,,823,34
541,RMD,4,38,2y 1m,Controlled Functions,Married,Vice President,LD,Female,Asian - Japanese,Local - Japanese,4,No,5,700000,No  ,No,,91,23
542,BD,2,29,2y 2m,Front Office,Married,Associate,LD,Female,Asian - Japanese,Local - Japanese,4,No,3,267800.4,Yes,No,,795,
543,CFU,2,31,2y 3m,Controlled Functions,Single,Associate-Customer Due Diligen,LD,Female,Asian - Japanese,Local - Japanese,4,No,2,280000,Yes,No,,830,26
544,OS,1,31,2y 3m,Back Office,Relationship,Assistant-Product Operation,LD,Male,White - British,Local - Other,2,No,3,422300.4,Yes,No,,823,
545,CM,3,35,2y 1m,Controlled Functions,Married,Analyst,LD,Male,White - Other,Local - Other,3,No,5,580250.8,No  ,No,,364,
546,CM,3,41,2y 1m,Controlled Functions,Married,AVP,LD,Male,Asian - Other,Local - Other,4,No,4,721000.8,No  ,No,,91,23
547,CB ,2,39,2y 2m,Front Office,Married,Associate,LD,Female,Asian - Japanese,Local - Japanese,5,No,3,280000,No  ,No,,183,
548,BD,2,28,2y 2m,Front Office,Single,Associate,LD,Female,Asian - Japanese,Local - Japanese,4,No,3,260000,Yes,No,,795,65
549,FMD,1,23,2y 2m,Back Office,Single,Junior Assistant-Payments,LD,Female,Asian - Other,Local - Other,3,No,2,254000.8,No  ,No,,795,
550,FCC,3,32,2y,Controlled Functions,Single,Senior Associate-Transaction M,LD,Male,White - British,Local - Other,3,No,3,395200.4,No  ,No,,760,
551,BD,3,36,2y 1m,Front Office,Single,Senior Associate,LD,Male,Asian - Japanese,Local - Japanese,3,No,4,275600.4,Yes,No,,364,23
552,CP,1,24,2y 7m,Back Office,Married,Assistant-CCP & Settlement Srv,LD,Female,Asian - Japanese,Local - Japanese,4,No,3,275600.8,Yes,No,,364,16
553,GB,1,33,2y,Front Office,Married,Junior Assistant,GB,Female,Asian - Japanese,Local - Japanese,3,No,3,185400,Yes,No,,753,
554,CM,3,30,2y,Controlled Functions,Single,Analyst-Corp Risk,LD,Male,Black - Other,Local - Other,3,No,3,612000,No  ,No,,753,43
555,FMD,5,51,1y 11m,Back Office,Separated,Deputy Head of Finanical Mngt,LD,Male,White - British,Local - Other,4,No,4,1225800,No  ,No,,725,
556,OS,1,21,1y 11m,Back Office,Single,Junior Assistant-Loan Admin,LD,Male,White - British,Local - Other,4,No,3,280500.4,Yes,No,,305,
557,FCC,3,53,1y 11m,Controlled Functions,Married,AVP - Compliance Monitoring,LD,Female,Asian - Japanese,Local - Japanese,3,No,3,650000,No  ,No,,725,75
558,OS,1,23,1y 11m,Back Office,Single,Assistant-Loans,LD,Male,White - British,Local - Other,3,No,4,283250.4,Yes,No,,364,
559,CB ,3,36,1y 10m,Front Office,Married,Senior Associate,LD,Female,Asian - Japanese,Local - Japanese,3,No,2,450000,No  ,No,,0,
560,CB ,3,31,1y 11m,Front Office,Single,Senior Officer-Transportation,LD,Male,White - British,Local - Other,4,No,2,618000,No  ,No,,725,34
561,CP,1,25,1y 11m,Back Office,Single,Assistant - Clearing,LD,Male,Mixed - White & Black Caribbean,Local - Other,4,No,4,291720,Yes,No,,364,72
562,CM,3,41,1y 11m,Controlled Functions,Married,Senior Analyst,LD,Female,Asian - Japanese,Local - Japanese,4,No,3,630000,No  ,No,,91,
563,BB,1,29,1y 10m,Front Office,Married,Assistant,BIR ,Female,Asian - Japanese,Local - Japanese,3,No,2,202800.4,Yes,No,,690,
564,FCC,4,53,1y 8m,Controlled Functions,Married,Acting Head of Financial Crime,LD,Male,White - British,Local - Other,4,No,3,1200000,No  ,No,,228,53
565,GA,1,31,1y 11m,Back Office,Married,GA Coordinator / Receptionist,LD,Female,Asian - Japanese,Local - Japanese,3,No,2,316200.8,Yes,No,,711,
566,FMD,3,24,1y 10m,Back Office,Single,Senior Associate-Accounting,LD,Male,Asian - Indian,Local - Other,3,No,4,290608.5,No  ,No,,364,
567,CM,3,54,1y 9m,Controlled Functions,Married,Senior Analyst-Corporate Risk,LD,Male,White - British,Local - Other,3,No,3,850000,No  ,No,,669,34
568,PB,3,31,1y 9m,Back Office,Single,Senior Associate,LD,Female,White - British,Local - Other,1,No,2,300000,No  ,No,,669,
569,CB ,3,32,1y 9m,Front Office,Married,Senior Officer-Businss MGT,LD,Female,Asian - Japanese,Local - Japanese,4,No,2,530000,No  ,No,,669,23
570,LCS,3,55,1y 8m,Controlled Functions,Married,Senior Officer,LD,Female,Asian - Japanese,Local - Japanese,4,No,2,424000.8,No  ,No,,364,65
571,FCC,3,34,1y 9m,Controlled Functions,Married,AVP,LD,Female,White - Other,Local - Other,3,No,4,650000,No  ,No,,91,
572,LCS,3,33,1y 9m,Controlled Functions,Single,Senior Officer,LD,Male,White - Other,Local - Other,4,No,5,508800,No  ,No,,364,
573,CP,1,24,1y 9m,Back Office,Single,Junior Assistant,LD,Female,Asian - Japanese,Local - Japanese,4,No,2,280500.4,Yes,No,,662,36
574,WE,1,40,1y 6m,Front Office,Married,Assistant - Customer Service,CN,Female,Asian - Japanese,Local - Japanese,4,No,3,230000,Yes,No,,578,
575,HR,1,34,1y 9m,Back Office,Single,Senior Officer,LD,Female,White - British,Local - Other,1,No,,425000.8,Yes,No,,364,
576,BD,2,31,1y 7m,Front Office,Married,Associate,LD,Female,Asian - Japanese,Local - Japanese,4,No,3,260000,Yes,No,,606,34
577,CM,3,30,1y 8m,Controlled Functions,Single,Analyst - Corporate Risk,LD,Male,White - Other,Local - Other,4,No,3,428400,No  ,No,,626,
578,CM,4,48,1y 7m,Controlled Functions,Married,Vice President - Credit Risk,LD,Male,White - Irish,Local - Other,3,No,4,825000,No  ,No,,221,63
579,CM,3,31,1y 8m,Controlled Functions,Married,Senior Analyst,LD,Female,Asian - Japanese,Local - Japanese,4,No,4,751900.8,No  ,No,,91,23
580,CP,4,54,1y 6m,Back Office,Married,VP - CCP & Stlmt Bank Services,LD,Male,White - British,Local - Other,3,No,4,700000,No  ,No,,564,
581,DPM,3,65,1y 6m,Back Office,Married,Data & Cyber Security Manager,LD,Male,Mixed - White & Asia,Local - Other,1,No,2,850000,No  ,No,,403,34
582,CP,3,50,1y 6m,Back Office,Married,AVP- CCP & Stlmt Bank Services,LD,Male,Asian - Pakistani,Local - Other,4,No,3,500000,Yes,No,,550,
583,LCS,3,35,1y 6m,Controlled Functions,Single,AVP - Legal,LD,Female,White - British,Local - Other,3,No,3,1000000,No  ,No,,550,
584,FMD,3,49,1y 5m,Back Office,Married,AVP - VAT Advisory,LD,Male,Asian - Other,Local - Other,3,No,3,845770,No  ,No,,529,34
585,CP,1,40,1y 5m,Back Office,Married,Senior Assistant - Payments,LD,Female,White - Other,Local - Other,4,No,4,400000,Yes,No,,536,26
586,OS,1,29,1y 4m,Back Office,Married,Assistant - Op. Control,LD,Female,Asian - Japanese,Local - Japanese,3,No,2,300000,Yes,No,,494,
587,OS,1,26,1y 3m,Back Office,Single,Junior Assistant-Loan Admin,LD,Male,Asian - Japanese,Local - Japanese,3,No,,275000,Yes,No,,473,26
588,FCC,3,26,1y 1m,Controlled Functions,Single,Senior Associate-Transaction M,LD,Male,Asian - Pakistani,Local - Other,3,No,2,400000,No  ,No,,417,54
589,OS,3,52,1y 3m,Back Office,Married,AVP - Operational Resilience,LD,Male,White - Irish,Local - Other,1,No,4,600000,No  ,No,,466,6
590,FCC,3,43,1y 2m,Controlled Functions,Single,AVP - Compliance Monitoring,LD,Male,Black - African,Local - Other,3,No,2,850000,No  ,No,,91,3
591,CP,1,32,1y 2m,Back Office,Married,Senior Assistant - Payments,LD,Female,Asian - Indian,Local - Other,4,No,3,380000,Yes,No,,60,34
592,CP,1,25,1y 2m,Back Office,Single,Junior Assistant-Payments,LD,Male,Asian - Japanese,Local - Japanese,4,No,3,275000,Yes,No,,445,63
593,GB,1,29,1y 3m,Front Office,Relationship,Junior Assistant,GB,Female,Asian - Japanese,Local - Japanese,3,No,2,180000,Yes,No,,459,23
594,OS,1,25,1y 3m,Back Office,Single,Junior Assistant-Loan Admin,LD,Male,Asian - Japanese,Local - Japanese,3,No,4,280000,Yes,No,,277,54
595,CM,3,36,12y 1m,Controlled Functions,Single,Analyst - Corporate Risk,LD,Female,Asian - Japanese,Local - Japanese,4,No,2,404530,No  ,No,,2556,34
596,RMD,4,41,11m,Controlled Functions,Married,Vice President - Credit Risk,LD,Female,Asian - Indian,Local - Other,4,No,3,1100000,No  ,No,,340,
597,RMD,4,50,11m,Controlled Functions,Married,VP - Operational Risk,LD,Male,Asian - Japanese,Local - Japanese,4,No,4,1000000,No  ,No,,361,
598,CB ,3,50,1y 1m,Front Office,Married,AVP - Project Finance,LD,Male,White - British,Local - Other,1,No,2,800000,No  ,No,,396,65
599,OS,1,25,1y 1m,Back Office,Single,Senior Assistant - Op. Control,LD,Male,Asian - Japanese,Local - Japanese,4,No,4,325500.8,Yes,No,,91,
600,LCS,3,32,1y,Controlled Functions,Married,AVP - Legal,LD,Male,Asian - Japanese,Local - Japanese,4,No,4,550000,No  ,No,,91,3
601,FI,3,29,10m,Back Office,Single,Senior Officer,LD,Male,Asian - Indian,Local - Other,3,No,2,550000,No  ,No,,319,73
602,FCC,3,34,10m,Controlled Functions,Single,Sen Officer - Core Compliance,LD,Female,Prefer Not To Say,Local - Other,3,No,3,470000,No  ,No,,333,7
603,OS,1,24,1y,Back Office,Single,Junior Assistant-Loan Admin,LD,Male,White - British,Local - Other,4,No,3,275000,Yes,No,,367,2
604,CP,1,25,11m,Back Office,Single,Assistant-Payments,LD,Female,Asian - Japanese,Local - Japanese,3,No,3,290000,Yes,No,,347,
605,TB,3,40,11m,Front Office,Married,AVP-Product Development,LD,Female,Asian - Japanese,Local - Japanese,4,No,2,600000,No  ,No,,340,8
606,OS,4,60,5y 8m,Back Office,Married,HOD - Operation Services Func,LD,Male,White - British,Local - Other,3,No,3,1200000,No  ,No,,2097,
607,BD,2,33,1y,Front Office,Married,Associate,LD,Female,Asian - Japanese,Local - Japanese,4,No,3,260000,Yes,No,,389,
608,RMD,3,48,5y 2m,Controlled Functions,Single,Analyst -Governance & Planning,LD,Female,Asian - Japanese,Local - Japanese,4,Yes,2,357000,No  ,No,,1894,34
609,CFU,3,28,11m,Controlled Functions,Single,Senior Associate - CDD,LD,Female,Asian - Japanese,Local - Japanese,3,No,2,400000,No  ,No,,340,
610,CFU,3,25,9m,Controlled Functions,Single,Sen.Associate - Risk Control,LD,Female,Asian - Japanese,Local - Japanese,3,Yes,2,310000,No  ,No,,305,54
611,LCS,3,29,10m,Controlled Functions,Single,Senior Officer - Legal,LD,Male,White - Other,Local - Other,4,No,4,520000,No  ,No,,333,
612,FCC,3,36,10m,Controlled Functions,Single,Senior Officer-Financial Crime,LD,Male,Black - Other,Local - Other,3,No,2,550000,No  ,No,,319,
613,WE,1,34,10m,Front Office,Married,Assistant - Customer Service,CN,Male,Asian - Japanese,Local - Japanese,3,No,3,255000,Yes,No,,312,25
614,BD,2,27,9m,Front Office,Single,Associate,LD,Female,Asian - Japanese,Local - Japanese,3,No,3,260000,Yes,No,,291,
615,BD,2,27,9m,Front Office,Civil Partnership,Associate,LD,Male,Asian - Japanese,Local - Japanese,3,No,2,260000,Yes,No,,277,
616,BD,3,33,7m,Front Office,Married,Senior Officer,LD,Male,Asian - Japanese,Local - Japanese,3,No,3,350000,Yes,No,,228,73
617,BD,2,30,8m,Front Office,Single,Associate,LD,Female,Asian - Japanese,Local - Japanese,3,No,3,260000,Yes,No,,269,
618,RMD,4,57,9m,Controlled Functions,Married,VP - PMO,LD,Male,Asian - Indian,Local - Other,3,No,4,850000,No  ,No,,277,
619,OS,3,54,7m,Back Office,Single,Senior Officer - Loan Admin,LD,Male,Asian - Japanese,Local - Japanese,2,No,3,550000,Yes,No,,235,63
620,RMD,3,44,9m,Controlled Functions,Single,AVP - PMO,LD,Female,Black - African,Local - Other,4,No,2,630000,No  ,No,,277,
621,OS,1,26,9m,Back Office,Single,Junior Assistant-Loan Admin,LD,Male,Asian - Japanese,Local - Japanese,4,No,2,280000,Yes,No,,152,
622,CB ,3,38,9m,Front Office,Single,Sen.Officer -Bus. & Commercial,LD,Male,Asian - Japanese,Local - Japanese,4,No,2,450000,No  ,No,,91,7
623,OS,1,25,9m,Back Office,Single,Assistant - Loan Admin,LD,Male,Asian - Japanese,Local - Japanese,4,No,3,300000,Yes,No,,284,34
624,WE,1,33,9m,Front Office,Single,Assistant - Customer Service,CN,Female,Asian - Japanese,Local - Japanese,4,No,2,255000,Yes,No,,284,
625,CFU,3,29,8m,Controlled Functions,Single,Sen.Associate-Customer Due Dil,LD,Male,White - Welsh,Local - Other,3,No,1,400000,No  ,No,,263,
626,CM,4,52,8m,Controlled Functions,Married,SVP - Corporate Risk,LD,Male,White - British,Local - Other,3,No,2,1200000,No  ,No,,263,3
627,DPM,4,56,8m,Back Office,Married,VP - Data Analysis,LD,Male,White - British,Local - Other,1,No,2,1200000,No  ,No,,269,
628,BD,2,25,8m,Front Office,Married,Associate,LD,Female,Asian - Japanese,Local - Japanese,3,No,3,260000,Yes,No,,263,34
629,OS,3,59,4y 2m,Back Office,Married,AVP - Transaction Manager,LD,Male,White - British,Local - Other,3,No,3,710000,No  ,No,,1544,
630,OS,3,32,4y 8m,Back Office,Single,Sen.Officer-Product Operation,LD,Male,White - British,Local - Other,3,No,4,603750,No  ,No,,921,12
631,RMD,2,29,3y 2m,Controlled Functions,Single,Associate - PMO,LD,Male,Asian - Japanese,Local - Japanese,4,Yes,3,270000,Yes,No,,305,74
632,OS,3,36,6m,Back Office,Single,Sen.Officer-Product Operation,LD,Male,White - British,Local - Other,1,No,3,550000,No  ,No,,207,
633,CFU,3,31,8m,Controlled Functions,Married,Sen.Associate-Customer Due Dil,LD,Male,White - British,Local - Other,1,No,3,400000,No  ,No,,256,4
634,IA,3,35,6m,Controlled Functions,Married,Senior Officer,LD,Female,Asian - Indian,Local - Other,4,No,2,500000,No  ,No,,207,
635,DPM,3,38,7m,Back Office,Married,AVP- Business Analysis,LD,Male,Asian - Japanese,Local - Japanese,4,No,3,450000,No  ,No,,235,
636,OS,3,41,8m,Back Office,Married,AVP - Third Party Management,LD,Female,Asian - Japanese,Local - Japanese,3,No,3,600000,No  ,No,,256,
637,PB,1,40,7m,Back Office,Single,Assistant,LD,Female,Asian - Japanese,Local - Japanese,4,No,3,250000,Yes,No,,221,76
638,OS,1,31,7m,Back Office,Married,Assistant - Loan Admin,LD,Female,Asian - Japanese,Local - Japanese,4,No,2,280000,Yes,No,,235,
639,PB,1,36,7m,Back Office,Married,Assistant - Card Centre,LD,Female,Asian - Japanese,Local - Japanese,3,No,3,255000,No  ,No,,228,34
640,PB,1,33,6m,Back Office,Single,Assistant - Card Centre,LD,Male,White - British,Local - Other,3,No,2,255000,No  ,No,,213,54
641,IA,3,46,6m,Controlled Functions,Single,AVP - Internal Audit,LD,Male,Asian - Indian,Local - Other,3,No,2,700000,No  ,No,,207,23
642,HR,3,50,8m,Back Office,Married,Assistant Vice President -SMCR,LD,Male,White - British,Local - Other,1,No,,670000,No  ,No,,249,
643,CB ,3,29,7m,Front Office,Married,Sen.Officer-Japanese Corporate,LD,Male,Asian - Japanese,Local - Japanese,4,No,2,500000,No  ,No,,241,
644,BD,2,28,6m,Front Office,Single,Associate,LD,Female,White - Other,Local - Other,4,No,,260000,Yes,No,,207,54
645,WE,1,24,6m,Front Office,Civil Partnership,Assistant - Customer Service,CN,Male,Asian - Japanese,Local - Japanese,4,No,2,255000,Yes,No,,200,
646,GA,3,39,7m,Back Office,Married,AVP-Security Op & Risk Manager,LD,Male,White - British,Local - Other,2,No,3,580000,Yes,No,,221,34
647,BB,1,38,2y 9m,Front Office,Married,Assistant - Customer Service,BIR ,Female,Asian - Japanese,Local - Japanese,3,Yes,4,200000,Yes,No,,1019,65
648,OS,3,38,5m,Back Office,Single,Sen.Officer-Product Operation,LD,Male,White - British,Local - Other,1,No,,520000,Yes,No,,165,34
649,FCC,3,35,6m,Controlled Functions,Single,AVP - Financial Crime,LD,Male,Prefer Not To Say,Local - Other,3,No,3,650000,No  ,No,,186,
650,FMD,4,54,8m,Back Office,Married,VP - Treasury ALM,LD,Male,Asian - Pakistani,Local - Other,3,No,3,1350000,No  ,No,,269,
651,FMD,4,42,3y 11m,Back Office,Single,VP - Treasury ALM,LD,Female,Prefer Not To Say,Local - Other,4,No,5,756000,No  ,No,,425,34
652,CB ,3,32,2y 3m,Front Office,Married,AVP,LD,Female,Asian - Japanese,Local - Japanese,4,Yes,4,556500,Yes,No,,30,
653,CB ,3,27,5m,Front Office,Married,Senior Associate-NaturalResour,LD,Male,Asian - Japanese,Local - Japanese,4,No,2,450000,No  ,No,,172,
654,BB,1,43,4m,Front Office,Single,Assistant,BIR ,Female,Asian - Japanese,Local - Japanese,4,No,,220000,Yes,No,,151,3
655,CB ,3,37,2m,Front Office,Single,AVP - Project Finance,LD,Male,Prefer Not To Say,Local - Other,4,No,,900000,No  ,No,,74,52
656,TB,3,47,3m,Front Office,Single,AVP-Product Development,LD,Female,Black - African,Local - Other,3,No,,650000,No  ,No,,116,
657,OS,3,51,2m,Back Office,Married,AVP - Transaction Manager,LD,Male,White - British,Local - Other,1,No,,800000,No  ,No,,88,
658,CP,1,18,5m,Back Office,Single,Junior Assistant - Clearing,LD,Male,White - British,Local - Other,1,No,,270000,Yes,No,,165,23
659,OS,4,55,4m,Back Office,Married,SVP - Operational Resilience,LD,Male,White - British,Local - Other,1,No,,1100000,No  ,No,,144,63
660,DPM,3,42,4m,Back Office,Married,AVP- Business Analysis,LD,Male,Asian - Japanese,Local - Japanese,3,No,,450000,No  ,No,,130,
661,CP,1,19,4m,Back Office,Single,Junior Assistant - Clearing,LD,Female,White - British,Local - Other,1,No,,270000,No  ,No,,151,54
662,FCC,3,46,3m,Controlled Functions,Married,AVP-Financial Intelligence Unt,LD,Male,White - Other,Local - Other,1,No,,800000,No  ,No,,102,
663,FCC,3,35,2m,Controlled Functions,Married,AVP - Financial Crime,LD,Male,Asian - Japanese,Local - Japanese,3,No,,750000,No  ,No,,74,
664,FMD,3,49,4m,Back Office,Married,AVP - Accounting,LD,Female,Asian - Other,Local - Other,4,No,,600000,No  ,No,,122,
665,IA,3,38,3m,Controlled Functions,Married,Senior Officer,LD,Male,Black - African,Local - Other,3,No,,500000,No  ,No,,116,74
666,PB,3,23,4m,Back Office,Single,Senior Associate,LD,Male,Asian - Japanese,Local - Japanese,3,No,,290000,No  ,No,,130,
667,FCC,3,29,4m,Controlled Functions,Single,Sen.Officer-AML & Compliance,LD,Male,Asian - Japanese,Local - Japanese,4,No,,530000,No  ,No,,122,
668,PB,3,41,5y 3m,Back Office,Married,Sen.Associate-Channel & Mktg,LD,Female,Asian - Japanese,Local - Japanese,4,No,4,335562.5,No  ,No,,151,54
669,CB ,3,27,4m,Front Office,Single,AVP-Transportation,LD,Female,Asian - Japanese,Local - Japanese,3,No,,750000,No  ,No,,122,23
670,PB,4,41,2m,Back Office,Married,VP-Product Development,LD,Male,Asian - Japanese,Local - Japanese,4,No,,860000,No  ,No,,67,
671,CP,1,24,4m,Back Office,Single,Jun.Assistant-CCP & Settlement,LD,Male,White - British,Local - Other,4,No,,275000,No  ,No,,130,23
672,FCC,3,33,2m,Controlled Functions,Single,AVP - Trade Surveillance,LD,Male,Black - African,Local - Other,4,No,,720000,No  ,No,,67,84
673,CP,3,56,4m,Back Office,Single,Senior Officer-Clearing,LD,Female,Asian - Japanese,Local - Japanese,4,No,,480000,Yes,No,,122,74
674,CB ,4,55,2m,Front Office,Married,SVP-UK Corporate,LD,Male,White - British,Local - Other,4,No,,1500000,No  ,No,,74,
675,RMD,3,56,1m,Controlled Functions,Married,Senior Analyst - Credit Risk,LD,Male,White - Other,Local - Other,4,No,,600000,No  ,No,,60,
676,CFU,3,44,1m,Controlled Functions,Single,AVP - Quality Assurance,LD,Female,Black - African,Local - Other,3,No,,620000,No  ,No,,60,23
677,WE,2,39,4m,Front Office,Single,Associate - Operations,CN,Female,Asian - Japanese,Local - Japanese,4,No,,300000,Yes,No,,130,34
678,CFU,3,25,3m,Controlled Functions,Single,Sen.Associate-Customer Due Dil,LD,Female,Asian - Indian,Local - Other,3,No,,400000,No  ,No,,95,
679,OS,1,22,3m,Back Office,Single,Assistant-Product Operation,LD,Male,White - British,Local - Other,1,No,,320000,Yes,No,,109,32
680,OS,1,59,3m,Back Office,Married,Senior Assistant - Product Op.,LD,Male,White - British,Local - Other,1,No,,440000,No  ,No,,116,
681,CFU,2,27,1m,Controlled Functions,Single,Associate-Customer Due Diligen,LD,Male,Black - African,Local - Other,3,No,,350000,No  ,No,,53,
682,CFU,2,27,2m,Controlled Functions,Single,Associate-Customer Due Diligen,LD,Male,Asian - Pakistani,Local - Other,4,No,,350000,No  ,No,,88,34
683,OS,1,23,3m,Back Office,Single,Junior Assistant-Loan Admin,LD,Female,Asian - Japanese,Local - Japanese,3,No,2,275000,Yes,No,,109,
684,CB ,3,26,1m,Front Office,Single,Senior Officer-Telecomunicatin,LD,Male,White - British,Local - Other,4,No,,550000,No  ,No,,32,34
685,CFU,3,25,2m,Controlled Functions,Single,Senior Officer-Quality Control,LD,Male,Black - Caribbean,Local - Other,3,No,,450000,No  ,No,,74,75
686,GB,2,32,2m,Front Office,Married,Associate-Marketing,GB,Female,Asian - Japanese,Local - Japanese,3,No,,200000,Yes,No,,81,
687,CFU,4,55,2m,Controlled Functions,Married,VP - Business Support,LD,Male,Black - African,Local - Other,2,No,,770000,No  ,No,,88,4
688,RMD,2,24,1m,Controlled Functions,Single,Associate - PMO,LD,Male,Black - African,Local - Other,3,No,,260000,No  ,No,,46,5
689,GB,1,30,2m,Front Office,Married,Junior Assistant,GB,Female,Asian - Japanese,Local - Japanese,4,No,,200000,Yes,No,,74,15
690,CM,3,32,2y 1m,Controlled Functions,Married,Associate - Credit Management,LD,Male,Asian - Japanese,Local - Japanese,3,Yes,3,320000,Yes,No,,767,
691,OS,1,31,1m,Back Office,Single,Assistant-Product Operation,LD,Male,White - British,Local - Other,3,No,,360000,No  ,No,,53,
692,WE,1,22,2m,Front Office,Single,Jun.Assistant - Closed Counter,CN,Male,Asian - Japanese,Local - Japanese,3,No,,250000,No  ,No,,81,74
693,CM,3,37,1m,Controlled Functions,Single,Senior Analyst - Credit Risk,LD,Female,Asian - Other,Local - Other,4,No,,750000,No  ,No,,60,
694,OS,1,38,1m,Back Office,Single,Senior Assistant - Product Op.,LD,Female,Prefer Not To Say,Local - Other,2,No,,420000,No  ,No,,60,63
695,GB,1,34,1m,Front Office,Married,Assistant,GB,Male,Asian - Japanese,Local - Japanese,3,No,,210000,No  ,No,,32,
696,HR,1,27,2m,Back Office,Single,Assistant - HR,LD,Female,Black - Caribbean,Local - Other,3,No,,350000,No  ,No,,74,45
697,FCC,3,37,,Controlled Functions,Single,AVP - Compliance,LD,Female,Black - African,Local - Other,4,No,,800000,No  ,No,,25,25
698,GA,1,37,1m,Back Office,Married,Sen.Asst - File Mngmt System,LD,Female,Asian - Japanese,Local - Japanese,3,No,,350000,No  ,No,,53,
699,FMD,3,26,1m,Back Office,Single,Senior Officer - Treasury ALM,LD,Male,Asian - Other,Local - Other,4,No,,500000,No  ,No,,32,23
700,OS,1,24,1m,Back Office,Single,Assistant - Loan Admin,LD,Male,Prefer Not To Say,Local - Other,4,No,,275000,No  ,No,,46,
701,WE,1,24,,Front Office,Civil Partnership,Junior Assistant-Customer Serv,CN,Female,Asian - Japanese,Local - Japanese,4,No,,250000,No  ,No,,18,34
702,OS,1,18,1m,Back Office,Single,Junior Assistant - Clearing,LD,Female,Black - African,Local - Other,1,No,,270000,No  ,No,,32,73
703,OS,4,46,,Back Office,Married,VP - Loan Admin,LD,Male,Asian - Japanese,Local - Japanese,3,No,,800000,No  ,No,,25,
704,FCC,3,28,,Controlled Functions,Single,Senior Officer-Financial Crime,LD,Male,Black - African,Local - Other,3,No,,530000,No  ,No,,18,36
705,OS,1,33,,Back Office,Married,Assistant - Op. Control,LD,Female,Asian - Japanese,Local - Japanese,4,No,,300000,No  ,No,,11,
706,OS,1,32,,Back Office,Married,Assistant-Payments,LD,Male,Asian - Japanese,Local - Japanese,3,No,,300000,No  ,No,,25,3
707,OS,1,18,1m,Back Office,Single,Junior Assistant-Payments,LD,Male,Asian - Other,Local - Other,1,No,,270000,No  ,No,,39,73
708,GA,3,38,11y 4m,Back Office,Married,AVP - File Mngmnt System,LD,Male,Asian - Japanese,Local - Japanese,4,Yes,2,700000,No  ,No,,39,36
709,FMD,2,26,5m,Back Office,Single,Associate - Treasury ALM,LD,Female,Asian - Japanese,Local - Japanese,4,Yes,,300000,Yes,No,,46,
710,LCS,3,45,,Controlled Functions,Married,AVP - Legal,LD,Male,White - British,Local - Other,2,No,,750000,No  ,No,,11,73
711,OS,1,29,,Back Office,Single,Assistant - Loan Admin,LD,Male,Asian - Japanese,Local - Japanese,3,No,2,320000,No  ,No,,11,
712,HR,1,27,,Back Office,Single,HR Assistant,LD,Female,White - British,Local - Other,2,No,,320000,No  ,No,,11,23
713,EMC,4,62,3y 8m,Back Office,Married,Chief Institutional Officer,LD,Male,White - British,Local - Other,4,No,,1575000,No  ,No,,67,45
714,RMD,3,38,8m,Controlled Functions,Married,Analyst,LD,Male,Asian - Japanese,Local - Japanese,4,No,2,330000,No  ,No,,269,
715,RMD,3,39,6y 7m,Controlled Functions,Married,Senior Associate,LD,Female,Asian - Japanese,Local - Japanese,4,Yes,2,306638.1,No  ,No,,46,
716,CGBL,3,45,13y 5m,Front Office,Single,AVP,LD,Female,Asian - Japanese,Local - Japanese,4,No,4,380000,No  ,No,,1217,35
717,CGBL - MB,1,65,12y 6m,Front Office,Married,Senior Assistant,MB,Male,Asian - Japanese,Local - Japanese,4,No,2,201295.6,No  ,No,,2556,8
718,CGBL,3,43,11y 6m,Front Office,Married,AVP - Operations,LD,Female,Asian - Japanese,Local - Japanese,4,No,4,380000,No  ,No,,1217,85
719,CGBL,1,37,9y 10m,Front Office,Married,Assistant - Customer Service,LD,Female,Asian - Japanese,Local - Japanese,4,No,2,225750,No  ,No,,1095,34
720,CGBL,3,36,9y 4m,Front Office,Relationship,Senior Officer,LD,Female,White - Other,Local - Other,4,No,2,298000,No  ,No,,1460,36
721,CGBL - MB,1,40,7y 10m,Front Office,Married,Senior Consultant,MB,Male,Asian - Japanese,Local - Japanese,4,No,4,210675.5,No  ,No,,1460,
722,CGBL,3,33,7y 7m,Front Office,Relationship,Senior Officer,LD,Male,White - British,Local - Other,3,No,2,302000,No  ,No,,1095,
723,CGBL - ED,1,44,7y 4m,Front Office,Married,Consultant,ED ,Female,Asian - Japanese,Local - Japanese,4,No,3,209282.5,No  ,No,,1460,23
724,CGBL - ED,1,43,6y 5m,Front Office,Married,Consultant,ED ,Female,Asian - Japanese,Local - Japanese,5,No,4,203651,No  ,No,,1460,73
725,CGBL,1,42,6y 2m,Front Office,Married,Senior Consultant,LD,Male,Asian - Japanese,Local - Japanese,3,No,3,235000,No  ,No,,1095,25
726,CGBL - MB,1,40,5y 6m,Front Office,Married,Senior Consultant,MB,Male,Asian - Japanese,Local - Japanese,4,No,4,201976.7,No  ,No,,730,
727,CGBL,1,31,5y 6m,Front Office,Single,Senior Consultant,LD,Female,Asian - Other,Local - Other,3,No,2,240000,No  ,No,,991,23
728,CGBL,1,35,5y 3m,Front Office,Married,Consultant,LD,Female,Asian - Japanese,Local - Japanese,4,No,2,210000.8,No  ,No,,1936,
729,CGBL,1,32,4y 8m,Front Office,Single,Assistant-Operations,LD,Male,Asian - Japanese,Local - Japanese,4,No,3,223200,No  ,No,,730,36
730,CGBL - MB,1,30,4y 4m,Front Office,Married,Consultant,MB,Female,Asian - Japanese,Local - Japanese,3,No,3,185640,No  ,No,,1593,2
731,CGBL,3,33,3y 11m,Front Office,Single,Senior Officer,LD,Male,Asian - Japanese,Local - Japanese,3,No,3,260000,No  ,No,,730,3
732,CGBL - ED,1,46,3y 7m,Front Office,Married,Consultant,ED ,Female,Asian - Japanese,Local - Japanese,4,No,2,177450,No  ,No,,1310,
733,CGBL - ED,1,34,3y 6m,Front Office,Married,Consultant,ED ,Female,Asian - Japanese,Local - Japanese,3,No,2,177450,No  ,No,,1285,
734,CGBL - ED,1,31,3y 5m,Front Office,Married,Consultant,ED ,Male,Asian - Japanese,Local - Japanese,4,No,2,177450,No  ,No,,1250,26
735,CGBL,1,29,3y 4m,Front Office,Single,Consultant,LD,Male,Asian - Japanese,Local - Japanese,3,No,2,206570,No  ,No,,1243,
736,CGBL,1,30,3y 4m,Front Office,Married,Consultant,LD,Male,Asian - Japanese,Local - Japanese,3,No,2,206570,No  ,No,,1243,34
737,CGBL,1,36,3y 2m,Front Office,Married,Operations Assistant-LVC,LD,Female,Asian - Other,Local - Other,3,No,2,206570,No  ,No,,1173,2
738,CGBL,1,36,3y 2m,Front Office,Married,Consultant,LD,Female,Asian - Japanese,Local - Japanese,4,No,2,206570,No  ,No,,1166,7
739,CGBL,1,47,6y 1m,Front Office,Single,Senior Consultant,LD,Male,Asian - Japanese,Local - Japanese,4,No,4,240000,No  ,No,,1095,23
740,CGBL - MB,1,41,3y 2m,Front Office,Married,Consultant,MB,Female,Asian - Japanese,Local - Japanese,3,No,2,179025,No  ,No,,1159,
741,CGBL - MB,1,40,3y 1m,Front Office,Married,Consultant,MB,Female,Asian - Japanese,Local - Japanese,4,No,2,177650,No  ,No,,1156,
742,CGBL,1,53,3y 1m,Front Office,Married,Consultant,LD,Male,Asian - Japanese,Local - Japanese,4,No,2,206570,No  ,No,,1152,26
743,CGBL,1,29,3y 1m,Front Office,Married,Consultant,LD,Female,Asian - Japanese,Local - Japanese,4,No,2,206570,No  ,No,,1152,
744,CGBL,1,29,3y 1m,Front Office,Married,Consultant,LD,Male,Asian - Japanese,Local - Japanese,3,No,2,206570,No  ,No,,1152,
745,CGBL,1,33,3y 1m,Front Office,Single,Consultant,LD,Female,Asian - Japanese,Local - Japanese,3,No,2,210000,No  ,No,,1152,26
746,CGBL - MB,1,36,3y,Front Office,Married,Consultant,MB,Female,Asian - Japanese,Local - Japanese,4,No,2,178500,No  ,No,,1124,
747,CGBL,1,38,3y,Front Office,Married,Assistant-Operations,LD,Male,Asian - Japanese,Local - Japanese,4,No,2,206570,No  ,No,,847,53
748,CGBL,1,39,2y 8m,Front Office,Married,Consultant,LD,Female,Asian - Japanese,Local - Japanese,4,No,2,210000,No  ,No,,983,35
749,CGBL,1,28,2y 7m,Front Office,Single,Consultant,LD,Male,Asian - Japanese,Local - Japanese,3,No,2,220000,No  ,No,,948,
750,CGBL,1,31,2y 6m,Front Office,Single,Consultant,LD,Male,Asian - Japanese,Local - Japanese,3,No,2,210000,No  ,No,,941,
751,CGBL,1,27,2y 1m,Front Office,Married,Assistant-Operations,LD,Female,Asian - Japanese,Local - Japanese,4,No,2,200000,No  ,No,,774,
752,CGBL,1,38,2y 2m,Front Office,Married,Consultant,LD,Female,White - Other,Local - Other,3,No,2,220000,No  ,No,,809,34
753,CGBL,1,42,3m,Front Office,Married,Senior Consultant,LD,Male,Asian - Japanese,Local - Japanese,4,No,,310000,No  ,No,,102,
754,ITCE,3,64,23y 2m,Back Office,Married,Technical Manager(PC Sup),LD,Male,Asian - Japanese,Local - Japanese,4,No,3,354437.8,Yes,No,,2921,21
755,ITCE,4,56,16y 4m,Back Office,Married,Sen.Tech.Mgr(Project&Tech.Mgt),LD,Male,Asian - Japanese,Local - Japanese,2,No,2,518452,No  ,No,,2921,26
756,MO,3,63,24y 11m,Controlled Functions,Single,AVP,LD,Female,Asian - Japanese,Local - Japanese,3,No,3,532262.5,No  ,No,,852,
